as_of,ticker,name,sector,industry,currency,quote_type,price,market_cap,shares_outstanding,pe_trailing,pe_forward,pbv,eps_ttm,book_value_per_share,roe,roa,profit_margin,operating_margin,earnings_growth,revenue_growth,debt_to_equity,current_ratio,free_cashflow,total_cash,total_debt,dividend_yield,payout_ratio,five_year_avg_dividend_yield,provider,provider_version,schema_version
2026-09-22,AADI,PT Adaro Andalan Indonesia Tbk,Energy,Thermal Coal,IDR,EQUITY,11250.0,87602535333888,7786891760,6.1226,93547.31,26285.047,1837.44,0.43,0.23297,0.1111,0.15923,0.30947,0.421,0.216,25.672,2.593,-444173376,1231058048,1010001024,8.63,0.5636,,yfinance,0.2.65,1
2026-09-22,ABDA,PT Asuransi Bina Dana Arta Tbk,Financial Services,Insurance - Property & Casualty,IDR,EQUITY,4980.0,3091617021952,35373600,27.2131,,1.7184,183.0,2898.08,0.06635,0.02929,0.11125,0.24666,0.185,-0.153,,2.272,438421618688,2158926233600,0,,0.0,1.39,yfinance,0.2.65,1
2026-09-22,ABMM,PT ABM Investama Tbk,Energy,Thermal Coal,IDR,EQUITY,2720.0,7488608927744,2753165000,5.173,,8421.053,525.81,0.32,0.09491,0.01878,0.07928,0.01975,2.965,0.104,103.092,1.138,41414928,214179648,922343232,3.54,0.1819,,yfinance,0.2.65,1
2026-09-22,ACES,PT Aspirasi Hidup Indonesia Tbk,Consumer Cyclical,Specialty Retail,IDR,EQUITY,340.0,5820932685824,17120389700,7.6182,5.9182,0.9147,44.63,371.73,0.1212,0.06339,0.086,0.07775,0.499,0.025,15.331,4.945,647378763776,2014863163392,988865888256,9.25,0.7171,4.97,yfinance,0.2.65,1
2026-09-22,ADMF,PT Adira Dinamika Multi Finance Tbk,Financial Services,Credit Services,IDR,EQUITY,8725.0,10696735588352,1225986955,5.818,,0.6914,1499.65,12619.61,0.13755,0.05296,0.23286,0.37329,0.205,0.278,126.491,4.965,,1775217016832,19570062524416,7.18,0.42,7.63,yfinance,0.2.65,1
2026-09-22,ADMR,PT Alamtri Minerals Indonesia Tbk,Basic Materials,Coking Coal,IDR,EQUITY,1520.0,62141142925312,40882331500,11.408,8.831,40000.0,133.24,0.04,0.17246,0.07883,0.27397,0.45138,0.153,0.297,103.461,1.583,-418899680,515036000,1849373952,3.3,0.3888,,yfinance,0.2.65,1
2026-09-22,ADRO,PT Alamtri Resources Indonesia Tbk,Energy,Thermal Coal,IDR,EQUITY,2610.0,75169284489216,28800494200,7.3124,5.0546,16312.5,356.93,0.16,0.12338,0.06007,0.28888,0.42203,0.891,0.11,37.824,2.918,-271952000,1587927040,1939388032,9.03,0.7693,13.19,yfinance,0.2.65,1
2026-09-22,AGII,PT Samator Indo Gas Tbk,Basic Materials,Chemicals,IDR,EQUITY,3570.0,10947976495104,3066660000,108.3789,55.7812,2.8916,32.94,1234.62,0.02765,0.03296,0.03221,0.13495,1.02,0.099,101.357,1.815,122480377856,628080967680,3926151921664,0.32,0.3461,0.45,yfinance,0.2.65,1
2026-09-22,AGRO,PT Bank Raya Indonesia Tbk,Financial Services,Banks - Regional,IDR,EQUITY,141.0,1541122949120,10929949922,,74.2105,1.1929,-21.04,118.2,-0.16188,-0.03956,-1.48894,0.03091,-0.676,0.126,,,,546990620672,1580391071744,,0.0,0.7,yfinance,0.2.65,1
2026-09-22,AGRS,PT Bank IBK Indonesia Tbk,Financial Services,Banks - Regional,IDR,EQUITY,58.0,2776134320128,47864384874,10.302,,0.469,5.63,123.67,0.03757,0.00927,0.31587,0.56507,0.752,0.274,,,,1857173979136,6864804773888,,0.0,,yfinance,0.2.65,1
2026-09-22,AISA,PT FKS Food Sejahtera Tbk,Consumer Defensive,Packaged Foods,IDR,EQUITY,125.0,475715010560,135000000,13.2696,,0.9799,9.42,127.56,0.07702,0.03158,0.04265,0.05297,2.662,0.161,21.452,0.953,236673499136,155863007232,254525997056,,0.0,,yfinance,0.2.65,1
2026-09-22,AKRA,PT AKR Corporindo Tbk,Energy,Oil & Gas Refining & Marketing,IDR,EQUITY,1470.0,29105659576320,19799769600,10.6684,10.4174,2.2461,137.79,654.47,0.19525,0.05786,0.04912,0.04878,0.253,0.604,33.327,1.326,7629777141760,8866238562304,5454476869632,6.87,0.726,6.14,yfinance,0.2.65,1
2026-09-22,ALDO,PT Alkindo Naratama Tbk,Basic Materials,Paper & Paper Products,IDR,EQUITY,950.0,2560481034240,2695243344,28.4516,,2.3095,33.39,411.35,0.08463,0.05106,0.03896,0.11734,,0.271,57.506,1.241,-4041495296,75686625280,642131886080,0.05,0.015,0.13,yfinance,0.2.65,1
2026-09-22,ALII,PT Ancara Logistics Indonesia Tbk,Industrials,Marine Shipping,IDR,EQUITY,720.0,11394576547840,15825800000,26.4026,,5.3161,27.27,135.44,0.2293,0.07955,0.42936,0.40903,0.559,0.107,17.595,1.624,109443686400,58599448576,399016198144,1.77,0.4769,,yfinance,0.2.65,1
2026-09-22,AMAG,PT Asuransi Multi Artha Guna Tbk,Financial Services,Insurance - Property & Casualty,IDR,EQUITY,386.0,1909058174976,4945746416,8.6065,,0.8935,44.85,431.99,0.09586,0.02093,0.06072,-1.87448,2.336,,,0.984,,909779009536,0,7.77,0.6687,10.36,yfinance,0.2.65,1
2026-09-22,AMAR,PT Bank Amar Indonesia Tbk,Financial Services,Banks - Regional,IDR,EQUITY,230.0,4143145025536,18013673305,14.375,,1.2051,16.0,190.86,0.08085,0.04515,0.27776,0.32568,0.427,0.258,,,,920205000704,10337000448,4.89,0.6781,,yfinance,0.2.65,1
2026-09-22,AMFG,PT Asahimas Flat Glass Tbk,Basic Materials,Building Materials,IDR,EQUITY,3270.0,1419179982848,434000000,12.5764,,0.2967,260.01,11022.24,0.0242,0.02083,0.02098,0.08004,74.492,0.213,26.366,1.732,164317118464,31044999168,1261237960704,2.49,0.3077,1.05,yfinance,0.2.65,1
2026-09-22,AMMN,PT Amman Mineral Internasional Tbk,Basic Materials,Other Precious Metals & Mining,IDR,EQUITY,4740.0,343234828042240,72412413856,32.919,13.554,62368.42,143.99,0.08,0.10484,0.05285,0.20658,0.38917,,379.373,116.552,2.622,-1094615168,814571008,6505062912,,0.0,,yfinance,0.2.65,1
2026-09-22,AMRT,PT Sumber Alfaria Trijaya Tbk,Consumer Defensive,Grocery Stores,IDR,EQUITY,1300.0,53419385552896,41091832700,15.1163,10.8787,3.001,86.0,433.19,0.20027,0.07356,0.02714,0.03754,0.056,0.054,14.109,1.036,4332869648384,4097782054912,2703086059520,3.16,0.4824,1.23,yfinance,0.2.65,1
2026-09-22,ANJT,PT Austindo Nusantara Jaya Tbk,Consumer Defensive,Farm Products,IDR,EQUITY,1580.0,5299596427264,3354175000,,,1.2464,-140.27,1267.62,-0.09622,0.08276,-0.17794,0.26123,0.497,0.339,49.173,2.491,356696227840,1604370432000,2094705541120,,0.0,,yfinance,0.2.65,1
2026-09-22,ANTM,PT Antam (Persero) Tbk,Basic Materials,Gold,IDR,EQUITY,3170.0,76177528061952,24030764724,8.5599,22.3696,2.0439,370.33,1550.93,0.26827,0.11491,0.10076,0.11577,0.162,0.016,15.598,1.991,-1307682668544,9949073637376,6010030784512,6.48,0.5669,3.24,yfinance,0.2.65,1
2026-09-22,APIC,PT Pacific Strategic Financial Tbk,Financial Services,Insurance - Life,IDR,EQUITY,400.0,4706525511680,140023750,45.3515,,1.4519,8.82,275.5,0.0367,0.01447,0.05758,0.08155,0.048,-0.02,51.711,0.799,,308554825728,1729423867904,,0.0,,yfinance,0.2.65,1
2026-09-22,APLN,PT Agung Podomoro Land Tbk,Real Estate,Real Estate - Development,IDR,EQUITY,119.0,2701219856384,22699326779,6.648,1.8805,0.2304,17.9,516.53,0.06098,0.02632,0.07338,0.08333,,-0.07,37.324,1.969,-102425993216,1126866878464,5143056089088,,0.0,,yfinance,0.2.65,1
2026-09-22,ARCI,PT Archi Indonesia Tbk,Basic Materials,Gold,IDR,EQUITY,1320.0,33310199775232,25235000000,12.6195,157517.9,82499.99,104.6,0.02,0.41328,0.17194,0.23575,0.4769,1.054,0.824,118.826,1.008,3704010,22920612,491512256,3.01,0.3971,,yfinance,0.2.65,1
2026-09-22,ARGO,PT Argo Pantes Tbk,Consumer Cyclical,Textile Manufacturing,IDR,EQUITY,1220.0,3872693682176,3174339029,148.0583,,24.2738,8.24,50.26,0.17829,0.01345,0.23837,0.19638,,-0.07,506.29,0.517,9362154496,72465375232,807754858496,,0.0,,yfinance,0.2.65,1
2026-09-22,ARII,PT Atlas Resources Tbk,Energy,Thermal Coal,IDR,EQUITY,316.0,1185000062976,3750000000,13.8962,,15047.619,22.74,0.02,0.13053,0.02634,0.01005,0.04839,,1.004,83.264,0.804,-36813876,21385000,75462000,,0.0,,yfinance,0.2.65,1
2026-09-22,ARKO,PT Arkora Hydro Tbk,Utilities,Utilities - Renewable,IDR,EQUITY,3930.0,11508985626624,2928495000,177.9085,,20.8605,22.09,188.39,0.12229,0.00422,0.19075,0.19008,0.228,-0.091,191.995,0.585,-114738528256,67227111424,1061418303488,,0.0,,yfinance,0.2.65,1
2026-09-22,ARNA,PT Arwana Citramulia Tbk,Industrials,Building Products & Equipment,IDR,EQUITY,498.0,3500928663552,7029976876,8.4321,7.3042,1.9265,59.06,258.5,0.23679,0.13093,0.13803,0.2106,0.449,0.226,0.778,1.637,306816745472,125038477312,14153475072,8.82,0.7619,6.46,yfinance,0.2.65,1
2026-09-22,ARTO,PT Bank Jago Tbk,Financial Services,Banks - Regional,IDR,EQUITY,875.0,12128664682496,13861330900,36.6109,32.0748,1.3437,23.9,651.2,0.03824,0.00916,0.14622,0.20924,0.555,0.279,,,,3425051869184,3676479946752,,0.0,,yfinance,0.2.65,1
2026-09-22,ASGR,PT Astra Graphia Tbk,Industrials,Specialty Business Services,IDR,EQUITY,2090.0,2818951348224,1348780500,9.31,,1.4486,224.49,1442.77,0.15494,0.06575,0.10025,0.08496,0.167,-0.01,1.304,2.676,470810361856,1676344950784,25366999040,11.48,1.0734,5.11,yfinance,0.2.65,1
2026-09-22,ASII,PT Astra International Tbk,Industrials,Conglomerates,IDR,EQUITY,4790.0,191616291700736,39920061040,6.4876,6.2511,0.8329,739.87,5763.22,0.11983,0.0435,0.09354,0.10734,-0.212,-0.003,41.125,1.187,16600374706176,47647998083072,119198000873472,8.09,0.527,7.46,yfinance,0.2.65,1
2026-09-22,ASLI,PT Asri Karya Lestari Tbk,Industrials,Engineering & Construction,IDR,EQUITY,406.0,2537499918336,6250000000,,,6.9689,-39.35,58.26,-0.24982,-0.11698,-1.10878,-0.0691,,0.911,5.792,1.759,82320113664,3145190912,21089519616,,0.0,,yfinance,0.2.65,1
2026-09-22,ASRI,PT Alam Sutera Realty Tbk,Real Estate,Real Estate - Development,IDR,EQUITY,121.0,2377578708992,19649411888,8.3564,7.9605,0.2065,14.48,585.86,0.02503,0.02734,0.0906,0.24676,,0.22,51.402,0.766,1129199960064,880137994240,5982703321088,1.2,0.1037,1.53,yfinance,0.2.65,1
2026-09-22,ASSA,PT Adi Sarana Armada Tbk,Industrials,Rental & Leasing Services,IDR,EQUITY,590.0,2177771110400,3691137517,5.2669,14.4043,0.9632,112.02,612.51,0.18163,0.0711,0.06649,0.15285,-0.01,0.052,129.162,0.986,928169590784,1203537575936,4385387577344,8.33,0.4464,3.57,yfinance,0.2.65,1
2026-09-22,ATIC,PT Anabatic Technologies Tbk,Technology,Information Technology Services,IDR,EQUITY,450.0,1302390767616,2894201693,7.1793,,1.6712,62.68,269.27,0.37083,0.06414,0.01549,0.05116,-0.751,0.487,285.562,1.002,-319544229888,691897761792,2182594297856,,0.0,,yfinance,0.2.65,1
2026-09-22,AUTO,PT Astra Otoparts Tbk,Consumer Cyclical,Auto Parts,IDR,EQUITY,3370.0,16242499911680,4819733000,6.7249,8.1407,1.0157,501.12,3317.76,0.15295,0.03424,0.11416,0.05082,0.367,0.193,3.433,2.025,276793884672,4296373960704,590362968064,6.8,0.4571,6.05,yfinance,0.2.65,1
2026-09-22,AVIA,PT Avia Avian Tbk,Basic Materials,Specialty Chemicals,IDR,EQUITY,336.0,19858794217472,59103555600,10.464,11.7155,2.0659,32.11,162.64,0.19882,0.12447,0.21604,0.24805,0.343,0.197,0.242,4.951,1505955020800,4399354085376,23235999744,6.8,0.7163,,yfinance,0.2.65,1
2026-09-22,BABP,PT Bank MNC Internasional Tbk,Financial Services,Banks - Regional,IDR,EQUITY,50.0,2222949662720,44458997354,26.8817,,0.5864,1.86,85.27,0.02185,0.00383,0.12578,0.16133,0.229,0.07,,,,793518014464,1775229992960,,0.0,,yfinance,0.2.65,1
2026-09-22,BACA,PT Bank Capital Indonesia Tbk,Financial Services,Banks - Regional,IDR,EQUITY,116.0,2314550902784,19953024885,16.2238,,0.3399,7.15,341.32,0.02117,0.00585,0.11407,0.13794,0.633,-0.007,,,,577965981696,3785434071040,,0.0,,yfinance,0.2.65,1
2026-09-22,BALI,PT Bali Towerindo Sentra Tbk,Communication Services,Telecom Services,IDR,EQUITY,1315.0,5173989081088,3934592500,28.9265,,2.1282,45.46,617.89,0.0729,0.05363,0.14436,0.43024,-0.15,-0.006,145.138,0.629,150342254592,343866507264,3528460599296,2.3,0.6599,3.23,yfinance,0.2.65,1
2026-09-22,BANK,PT Bank Aladin Syariah Tbk,Financial Services,Banks - Regional,IDR,EQUITY,240.0,3381535440896,14089731085,42.9338,-200.0,1.0222,5.59,234.8,0.03334,0.00856,0.1543,0.08146,-0.727,0.007,,,,80926998528,1008579969024,,0.0,,yfinance,0.2.65,1
2026-09-22,BBCA,PT Bank Central Asia Tbk,Financial Services,Banks - Regional,IDR,EQUITY,6225.0,764904617279488,122876240600,13.1925,12.9021,2.8276,471.86,2201.51,0.21818,0.03671,0.53118,0.66751,0.004,0.025,,,,78018609414144,52021302394880,6.12,0.7542,2.83,yfinance,0.2.65,1
2026-09-22,BBHI,PT Allo Bank Indonesia Tbk,Financial Services,Banks - Regional,IDR,EQUITY,880.0,19015831388160,21608897742,32.3767,,2.5907,27.18,339.68,0.07946,0.03906,0.35933,0.42591,0.138,0.147,,,,2193405378560,1522530385920,1.48,0.4891,,yfinance,0.2.65,1
2026-09-22,BBKP,PT Bank KB Indonesia Tbk,Financial Services,Banks - Regional,IDR,EQUITY,50.0,9394376933376,187866201892,,0.3635,1.1642,-1.17,42.95,-0.02667,-0.00255,-0.34566,0.12028,-0.97,-0.124,,,,13026158706688,27700871823360,,0.0,5.04,yfinance,0.2.65,1
2026-09-22,BBLD,PT Buana Finance Tbk,Financial Services,Credit Services,IDR,EQUITY,660.0,1086225448960,1645796054,328.3582,,0.7608,2.01,867.53,0.00236,0.00046,0.00823,-0.05271,-0.507,-0.028,426.902,2.538,,687916974080,6095215001600,0.38,1.2315,1.76,yfinance,0.2.65,1
2026-09-22,BBMD,PT Bank Mestika Dharma Tbk,Financial Services,Banks - Regional,IDR,EQUITY,2000.0,8058249412608,4029124600,26.7845,,1.5047,74.67,1329.14,0.05636,0.0185,0.33639,0.36233,-0.185,-0.087,,,,435384844288,46983487488,1.12,0.2989,1.66,yfinance,0.2.65,1
2026-09-22,BBNI,PT Bank Negara Indonesia (Persero) Tbk,Financial Services,Banks - Regional,IDR,EQUITY,3570.0,132873453568000,354899856,6.433,5.2924,0.8092,554.95,4411.86,0.1245,0.01559,0.39862,0.42649,0.082,0.098,,,,171659105402880,121734296502272,9.65,0.6296,5.02,yfinance,0.2.65,1
2026-09-22,BBRI,PT Bank Rakyat Indonesia (Persero) Tbk,Financial Services,Banks - Regional,IDR,EQUITY,3210.0,483345519607808,150574927703,7.8891,7.2923,1.5025,406.89,2136.41,0.18988,0.02771,0.41705,0.41943,0.214,0.04,,,,124656375824384,340397700153344,12.67,0.8501,6.49,yfinance,0.2.65,1
2026-09-22,BBRM,PT Pelayaran Nasional Bina Buana Raya Tbk,Industrials,Marine Shipping,IDR,EQUITY,116.0,983620911104,3578050832,8.4425,,19333.334,13.74,0.01,0.149,0.07248,0.48273,0.46458,0.189,-0.021,15.04,10.277,-4570058,13638932,7110626,,0.0,,yfinance,0.2.65,1
2026-09-22,BBSI,PT Krom Bank Indonesia Tbk,Financial Services,Banks - Regional,IDR,EQUITY,4520.0,16609748975616,3674723301,94.3436,,4.6586,47.91,970.24,0.05492,0.01512,0.28043,0.29538,0.343,0.986,,,,1242670039040,6870605824,,0.0,,yfinance,0.2.65,1
2026-09-22,BBTN,PT Bank Tabungan Negara (Persero) Tbk,Financial Services,Banks - Regional,IDR,EQUITY,1130.0,15858922422272,14034444412,3.7919,3.9776,0.4223,298.0,2676.11,0.11742,0.00815,0.23924,0.47966,0.598,0.247,,,,22619380252672,67543821713408,3.98,0.0,1.62,yfinance,0.2.65,1
2026-09-22,BBYB,PT Bank Neo Commerce Tbk,Financial Services,Banks - Regional,IDR,EQUITY,222.0,2963806879744,13350482346,5.072,3.3298,0.6706,43.77,331.04,0.14067,0.03301,0.40412,0.4427,0.438,0.117,,,,1570731065344,206364999680,,0.0,,yfinance,0.2.65,1
2026-09-22,BCAP,PT MNC Kapital Indonesia Tbk,Financial Services,Financial Conglomerates,IDR,EQUITY,50.0,2130942623744,42618850927,7.3746,,0.4697,6.78,106.46,0.05365,0.01007,0.11472,0.16424,0.268,0.072,68.481,3.364,,4670194974720,3677778083840,,0.0,0.39,yfinance,0.2.65,1
2026-09-22,BCIC,PT Bank JTrust Indonesia Tbk,Financial Services,Banks - Regional,IDR,EQUITY,134.0,2426729398272,283501,,,0.6189,-42.15,216.5,-0.11706,-0.01151,-0.59315,0.21827,1.19,0.101,,,,4146674008064,459482988544,,,,yfinance,0.2.65,1
2026-09-22,BDMN,PT Bank Danamon Indonesia Tbk,Financial Services,Banks - Regional,IDR,EQUITY,4440.0,43394575368192,22400000,9.5116,12.4937,0.7989,466.8,5557.8,0.08745,0.01804,0.22813,0.30653,0.313,0.133,,,,19192178802688,40541307797504,3.2,0.3045,3.58,yfinance,0.2.65,1
2026-09-22,BEEF,PT Estika Tata Tiara Tbk,Consumer Defensive,Packaged Foods,IDR,EQUITY,450.0,3654112247808,8120249598,47.1204,,9.6564,9.55,46.6,0.21979,0.05607,0.01442,0.02812,-0.963,0.018,385.076,1.0,-742666010624,19221577728,1427396493312,,0.0,,yfinance,0.2.65,1
2026-09-22,BEKS,"PT. Bank Pembangunan Daerah Banten, Tbk",Financial Services,Banks - Regional,IDR,EQUITY,22.0,141040746496,1075511715,16.9231,,0.5977,1.3,36.81,,,0.16399,0.26904,5.546,0.725,,,,765716987904,94844002304,,0.0,,yfinance,0.2.65,1
2026-09-22,BELI,PT Global Digital Niaga Tbk,Consumer Cyclical,Internet Retail,IDR,EQUITY,284.0,38970192822272,137218985689,,,4.2595,-13.01,66.67,-0.18418,-0.04726,-0.06298,-0.04128,,0.427,39.66,1.244,-457142861824,3057000120320,3702771941376,,0.0,,yfinance,0.2.65,1
2026-09-22,BESS,PT Batulicin Nusantara Maritim Tbk,Industrials,Marine Shipping,IDR,EQUITY,885.0,3044803084288,3440455528,274.8447,,4.7613,3.22,185.87,0.01737,0.01063,0.03902,-0.3287,,-0.251,1.573,7.103,26596081664,157465001984,10057254912,0.47,1.3415,,yfinance,0.2.65,1
2026-09-22,BEST,PT Bekasi Fajar Industrial Estate Tbk,Real Estate,Real Estate - Development,IDR,EQUITY,118.0,1138382733312,9647311150,5.0064,4.403,0.2475,23.57,476.79,0.05195,0.03561,0.32658,0.53967,,4.955,23.286,7.56,336762535936,409505529856,1071187492864,,0.0,2.45,yfinance,0.2.65,1
2026-09-22,BFIN,PT BFI Finance Indonesia Tbk,Financial Services,Credit Services,IDR,EQUITY,945.0,13938167119872,14749383620,8.7484,8.4753,1.2735,108.02,742.06,0.15359,0.06541,0.36097,0.48012,0.35,0.157,118.348,2.994,,1579776999424,12953463029760,7.37,0.6481,4.93,yfinance,0.2.65,1
2026-09-22,BGTG,PT Bank Ganesha Tbk,Financial Services,Banks - Regional,IDR,EQUITY,113.0,2708722679808,23970997103,11.6856,,0.72,9.67,156.94,0.0637,0.02296,0.42218,0.58224,0.041,0.017,,,,707266019328,3529999872,,0.0,,yfinance,0.2.65,1
2026-09-22,BHIT,PT MNC Asia Holding Tbk,Communication Services,Entertainment,IDR,EQUITY,24.0,2005025947648,83542741759,5.3097,,0.1218,4.52,197.08,0.02778,0.01964,0.02717,0.10806,,-0.076,24.8,1.121,2146088124416,10315723964416,9654585262080,,0.0,,yfinance,0.2.65,1
2026-09-22,BINA,PT Bank Ina Perdana Tbk,Financial Services,Banks - Regional,IDR,EQUITY,3980.0,24416171851776,6134716665,,,8.2177,-53.46,484.32,-0.09918,-0.01088,-1.47242,0.09214,0.164,0.092,,,,4815781888000,5009066950656,,0.0,,yfinance,0.2.65,1
2026-09-22,BIPI,PT Astrindo Nusantara Infrastruktur Tbk,Energy,Thermal Coal,IDR,EQUITY,148.0,9429108916224,60059379917,34.4186,9.3317,21142.857,4.3,0.01,0.02507,0.00966,0.08254,0.06205,,-0.319,83.923,1.219,284833248,271658272,501959104,,0.0,,yfinance,0.2.65,1
2026-09-22,BIRD,PT Blue Bird Tbk,Industrials,Railroads,IDR,EQUITY,1590.0,3978339024896,2502100000,6.4128,6.5602,0.6507,247.94,2443.39,0.10249,0.0436,0.10338,0.11583,-0.029,0.11,35.027,1.145,-645967642624,1367064051712,2181901058048,10.38,0.6694,4.82,yfinance,0.2.65,1
2026-09-22,BJBR,PT Bank Pembangunan Daerah Jawa Barat dan Banten Tbk,Financial Services,Banks - Regional,IDR,EQUITY,760.0,7996296921088,3106729025,5.5438,3.7073,0.4946,137.09,1536.51,0.0938,0.00839,0.15541,0.2662,2.943,0.099,,,,21871617638400,43639040376832,11.18,0.6238,9.06,yfinance,0.2.65,1
2026-09-22,BJTM,PT Bank Pembangunan Daerah Jawa Timur Tbk,Financial Services,Banks - Regional,IDR,EQUITY,515.0,7732981137408,3081350100,4.9358,5.8061,0.5934,104.34,867.9,0.11266,0.01464,0.19872,0.31125,-0.167,0.496,,,,15720290189312,15104510787584,10.99,0.5425,8.02,yfinance,0.2.65,1
2026-09-22,BKDP,PT Bukit Darmo Property Tbk,Real Estate,Real Estate Services,IDR,EQUITY,170.0,1277378691072,7513992252,,,4.4038,-5.05,38.6,-0.12267,-0.0261,-1.03006,-0.93069,,-0.048,118.456,0.988,-19112325120,2663473408,343499210752,,0.0,,yfinance,0.2.65,1
2026-09-22,BKSL,PT Sentul City Tbk,Real Estate,Real Estate - Development,IDR,EQUITY,66.0,11068787130368,357500000,12.2222,,0.7221,5.4,91.4,0.05778,0.03443,0.30004,0.3487,3.113,0.873,18.319,2.116,-1969252859904,234834968576,2945876754432,,0.0,,yfinance,0.2.65,1
2026-09-22,BKSW,PT Bank QNB Indonesia Tbk,Financial Services,Banks - Regional,IDR,EQUITY,50.0,1757902405632,35158048365,,,0.3744,-0.85,133.56,-0.00621,-0.00224,-0.05579,0.17432,,0.107,,,,1554579980288,537725992960,,0.0,,yfinance,0.2.65,1
2026-09-22,BLES,PT Superior Prima Sukses Tbk,Basic Materials,Building Materials,IDR,EQUITY,192.0,1706919591936,8890206400,7.6586,,1.3649,25.07,140.67,0.19437,0.0981,0.12998,0.26543,13.288,0.595,42.658,1.114,104700100608,162205827072,533689434112,0.98,0.0754,,yfinance,0.2.65,1
2026-09-22,BLOG,PT Trimitra Trans Persada Tbk,Industrials,Integrated Freight & Logistics,IDR,EQUITY,360.0,1216615415808,3379487200,8.0609,,1.9398,44.66,185.59,0.29131,0.11892,0.10524,0.12632,0.425,0.175,57.023,1.429,-34231353344,129257234432,357653741568,5.77,0.4702,,yfinance,0.2.65,1
2026-09-22,BLTZ,PT Graha Layar Prima Tbk,Communication Services,Entertainment,IDR,EQUITY,2000.0,1747874349056,546709542,25.3165,,4.105,79.0,487.22,0.17559,0.06619,0.05359,-0.03649,,0.11,263.181,0.36,166756810752,133435588608,1120735985664,,0.0,,yfinance,0.2.65,1
2026-09-22,BMAS,PT Bank Kasikorn Indonesia Tbk,Financial Services,Banks - Regional,IDR,EQUITY,505.0,9141845229568,18102662304,711.2676,,1.4063,0.71,359.11,0.00203,0.00053,0.01561,0.01742,,1.568,,,,2440744140800,7441635868672,,0.0,,yfinance,0.2.65,1
2026-09-22,BMHS,PT Bundamedik Tbk,Healthcare,Medical Care Facilities,IDR,EQUITY,200.0,1720683331584,8603416176,,,0.8859,-0.2,225.75,0.00087,0.0147,-0.00067,0.04351,,0.047,62.88,1.713,-131553402880,842313629696,1497645711360,0.52,0.6311,,yfinance,0.2.65,1
2026-09-22,BMRI,PT Bank Mandiri (Persero) Tbk,Financial Services,Banks - Regional,IDR,EQUITY,4190.0,391066670858240,93333333331,6.2783,6.3152,1.3741,667.38,3049.22,0.22379,0.02623,0.43378,0.60428,0.336,-0.054,,,,207942536134656,351984884383744,12.93,0.7147,5.65,yfinance,0.2.65,1
2026-09-22,BMTR,PT Global Mediacom Tbk,Communication Services,Entertainment,IDR,EQUITY,108.0,1766071336960,16352512086,2.728,1.4575,0.1099,39.59,982.38,0.03246,0.02475,0.07247,0.06592,,-0.126,19.848,4.009,-247994007552,2878266933248,5661678108672,,0.0,1.34,yfinance,0.2.65,1
2026-09-22,BNBA,PT Bank Bumi Arta Tbk,Financial Services,Banks - Regional,IDR,EQUITY,780.0,2642640109568,3388000000,143.3824,,0.8116,5.44,961.06,0.00569,0.00219,0.05954,0.25007,,0.265,,,,912318332928,34284163072,,0.0,3.33,yfinance,0.2.65,1
2026-09-22,BNBR,PT Bakrie & Brothers Tbk,Industrials,Conglomerates,IDR,EQUITY,83.0,38572765741056,263336671587,67.4797,,3.8796,1.23,21.39,0.05112,0.00927,0.04677,0.04754,,0.769,380.962,1.184,-717370753024,1432619974656,17265110024192,,0.0,,yfinance,0.2.65,1
2026-09-22,BNGA,PT Bank CIMB Niaga Tbk,Financial Services,Banks - Regional,IDR,EQUITY,1740.0,43746854961152,71853936,6.3799,6.1501,0.7796,272.73,2231.78,0.12457,0.01854,0.38168,0.471,0.013,-0.001,,,,44192889831424,36941521223680,9.22,0.5931,7.55,yfinance,0.2.65,1
2026-09-22,BNII,PT Bank Maybank Indonesia Tbk,Financial Services,Banks - Regional,IDR,EQUITY,191.0,14557102735360,388146231,8.1799,,0.4604,23.35,414.87,0.05729,0.00917,0.20523,0.22616,0.997,0.093,,,,22298964787200,44860769828864,3.96,0.326,3.09,yfinance,0.2.65,1
2026-09-22,BNLI,PT Bank Permata Tbk,Financial Services,Banks - Regional,IDR,EQUITY,2090.0,75618939043840,26880234,20.4922,,1.6748,101.99,1247.88,0.08252,0.01364,0.3325,0.39851,-0.067,-0.001,,,,26929258299392,24131733028864,1.67,0.3431,,yfinance,0.2.65,1
2026-09-22,BOLA,PT Bali Bintang Sejahtera Tbk,Communication Services,Entertainment,IDR,EQUITY,173.0,1037999996928,6000000000,,,1.7853,-7.21,96.9,-0.06465,-0.01918,-0.11709,-0.40182,,-0.042,1.783,4.076,15854496768,200316469248,11546985472,,0.0,,yfinance,0.2.65,1
2026-09-22,BOLT,PT Garuda Metalindo Tbk,Industrials,Tools & Accessories,IDR,EQUITY,820.0,1921874919424,2343750000,12.8648,,2.2766,63.74,360.19,0.15683,0.088,0.08029,0.11626,-0.039,0.03,35.739,1.565,82530844672,44035297280,359578992640,6.02,0.7844,,yfinance,0.2.65,1
2026-09-22,BPII,PT Batavia Prosperindo Internasional Tbk,Financial Services,Asset Management,IDR,EQUITY,458.0,4526942191616,9884153240,52.3429,,3.2015,8.75,143.06,0.04819,0.01613,0.06903,0.08729,-0.511,0.143,80.317,1.004,,383612485632,1487910469632,1.35,0.7986,,yfinance,0.2.65,1
2026-09-22,BRAM,PT Indo Kordsa Tbk,Consumer Cyclical,Textile Manufacturing,IDR,EQUITY,4690.0,2110767235072,450056980,20.0026,,9873.685,234.47,0.47,0.03371,0.01244,0.04087,0.08216,,1.338,1.102,2.313,-5032301,24367846,2472100,4.27,0.8446,6.03,yfinance,0.2.65,1
2026-09-22,BREN,PT Barito Renewables Energy Tbk,Utilities,Utilities - Renewable,IDR,EQUITY,3050.0,408027530264576,133779520000,149.5831,,610000.0,20.39,0.01,0.21477,0.07431,0.2406,0.73528,0.412,0.132,223.239,1.63,152052880,202234000,2109575936,0.13,0.1983,,yfinance,0.2.65,1
2026-09-22,BRIS,PT Bank Syariah Indonesia Tbk,Financial Services,Banks - Regional,IDR,EQUITY,1585.0,73114872446976,46129260138,9.1613,8.7275,1.4325,173.01,1106.47,0.16148,0.01845,0.31524,0.41187,0.05,0.109,,,,21435451965440,3675197014016,2.08,0.1896,,yfinance,0.2.65,1
2026-09-22,BRMS,PT Bumi Resources Minerals Tbk,Basic Materials,Other Industrial Metals & Mining,IDR,EQUITY,660.0,93577463988224,25570150644,132.7968,44.5525,73333.336,4.97,0.01,0.0398,0.03593,0.17815,0.12772,,-0.543,28.081,3.14,-112041000,32130986,294461984,,0.0,,yfinance,0.2.65,1
2026-09-22,BRPT,PT Barito Pacific Tbk,Basic Materials,Chemicals,IDR,EQUITY,1575.0,147595997478912,93711740929,58.9226,26.429,60576.92,26.73,0.03,0.0646,0.02207,0.01392,0.10423,-0.809,0.269,133.059,2.18,-339438368,3699009024,8640472064,0.1,0.0607,,yfinance,0.2.65,1
2026-09-22,BSBK,PT Wulandari Bangun Laksana Tbk,Real Estate,Real Estate - Development,IDR,EQUITY,50.0,1254594183168,25091882375,16.6667,,0.5701,3.0,87.7,0.03472,0.03134,0.19974,0.40513,0.192,0.005,14.26,1.536,-9894704128,7853455872,313790070784,,0.0,,yfinance,0.2.65,1
2026-09-22,BSDE,PT Bumi Serpong Damai Tbk,Real Estate,Real Estate - Development,IDR,EQUITY,575.0,12025202737152,20913395112,6.4599,3.6415,0.2683,89.01,2143.09,0.0415,0.02442,0.16694,0.24543,-0.668,-0.354,35.164,3.556,-4839562543104,9572927406080,18691112566784,,0.0,0.64,yfinance,0.2.65,1
2026-09-22,BSIM,PT Bank Sinarmas Tbk,Financial Services,Banks - Regional,IDR,EQUITY,995.0,19617579794432,19716162403,72.6277,,2.3541,13.7,422.67,0.03349,0.00542,0.09171,0.0883,-0.183,0.07,,,,9028984897536,5170681872384,,0.0,,yfinance,0.2.65,1
2026-09-22,BSML,PT Bintang Samudera Mandiri Lines Tbk,Industrials,Marine Shipping,IDR,EQUITY,545.0,1008372613120,1850225000,165.1015,,7.5947,3.3,71.76,0.01463,0.00664,0.04483,0.0803,-0.341,0.006,13.346,1.243,-11757805568,470219872,17719638016,,,,yfinance,0.2.65,1
2026-09-22,BSWD,PT Bank of India Indonesia Tbk,Financial Services,Banks - Regional,IDR,EQUITY,1500.0,5533300424704,3688866845,79.3651,,1.5513,18.9,966.92,0.01975,0.00985,0.32235,0.55935,0.426,0.275,,,,548951425024,2633038848,,0.0,,yfinance,0.2.65,1
2026-09-22,BTPN,PT Bank SMBC Indonesia Tbk,Financial Services,Banks - Regional,IDR,EQUITY,2300.0,24485673566208,10645945748,54.6448,9.8455,0.5025,42.09,4577.17,0.00267,0.00061,0.08353,0.0585,,,,,,18727720452096,52313280479232,0.41,1.2582,,yfinance,0.2.65,1
2026-09-22,BTPS,PT Bank BTPN Syariah Tbk,Financial Services,Banks - Regional,IDR,EQUITY,990.0,7626662871040,7703700000,6.3053,5.453,0.7435,157.01,1331.62,0.1215,0.05393,0.30113,0.4098,0.007,0.044,,,,1409537015808,321130004480,12.08,0.5459,4.25,yfinance,0.2.65,1
2026-09-22,BUDI,PT Budi Starch & Sweetener Tbk,Consumer Defensive,Packaged Foods,IDR,EQUITY,226.0,1015028580352,4491276962,6.185,,0.6242,36.54,362.06,0.10024,0.0441,0.04171,0.08563,7.088,0.799,118.678,1.664,33803499520,299749998592,2098926059520,3.95,0.1916,3.82,yfinance,0.2.65,1
2026-09-22,BUKA,PT Bukalapak.com Tbk.,Consumer Cyclical,Internet Retail,IDR,EQUITY,107.0,9826201501696,91833653260,5.8311,24.6544,0.4044,18.35,264.58,0.0782,-0.06618,0.25043,0.00896,,-0.005,0.436,42.869,-1764533207040,18394241826816,105978568704,,0.0,,yfinance,0.2.65,1
2026-09-22,BUKK,PT Bukaka Teknik Utama Tbk.,Industrials,Engineering & Construction,IDR,EQUITY,1030.0,2719665618944,2640452000,13.0429,,0.3693,78.97,2789.21,0.02018,0.07188,0.05075,0.78036,-0.284,1.922,173.066,1.561,-2075300462592,847934259200,15460396433408,,0.0,,yfinance,0.2.65,1
2026-09-22,BULL,PT Buana Lintas Lautan Tbk,Industrials,Marine Shipping,IDR,EQUITY,392.0,6073819332608,15494436593,4.4124,2.909,28000.0,88.84,0.01,0.35288,0.12315,0.37126,0.52648,32.139,1.768,59.648,0.924,-24612140,18849632,156189136,,0.0,,yfinance,0.2.65,1
2026-09-22,BUMI,PT Bumi Resources Tbk,Energy,Thermal Coal,IDR,EQUITY,184.0,68697049792512,371335392068,31.6781,367999.97,46249.996,5.84,0.0,0.05421,0.02406,0.07403,0.07232,92.0,0.364,24.84,1.291,-113085288,179689600,732992960,,0.0,2.18,yfinance,0.2.65,1
2026-09-22,BUVA,PT Bukit Uluwatu Villa Tbk,Consumer Cyclical,Lodging,IDR,EQUITY,665.0,16370341249024,24617054642,700.0,,7.597,0.95,87.53,0.01493,0.01807,0.06835,0.25342,0.096,0.196,21.105,1.775,-20130281472,230776471552,455129694208,,0.0,,yfinance,0.2.65,1
2026-09-22,BVIC,PT Bank Victoria International Tbk,Financial Services,Banks - Regional,IDR,EQUITY,92.0,1694586503168,18419418828,31.8339,,0.3915,2.89,235.01,0.01608,0.00205,0.09009,0.30768,-0.753,-0.023,,,,1065404792832,7612350332928,,0.0,,yfinance,0.2.65,1
2026-09-22,BWPT,PT Eagle High Plantations Tbk,Consumer Defensive,Packaged Foods,IDR,EQUITY,115.0,3579072479232,31122368200,8.9147,,1.1931,12.9,96.39,0.14428,0.07749,0.06429,0.17129,0.307,0.253,153.387,0.767,116914249728,199759003648,4666313146368,,0.0,1.05,yfinance,0.2.65,1
2026-09-22,CARS,PT Industri dan Perdagangan Bintraco Dharma Tbk,Consumer Cyclical,Auto & Truck Dealerships,IDR,EQUITY,118.0,1770000089088,15000000000,11.1531,,1.607,10.58,73.43,0.13449,0.03773,0.0337,0.03896,0.403,0.286,81.403,0.965,-264786608128,416889110528,1160154972160,,0.0,,yfinance,0.2.65,1
2026-09-22,CASA,PT Capital Financial Indonesia Tbk,Financial Services,Insurance - Life,IDR,EQUITY,1800.0,98057291038720,54476269803,664.2066,,11.9743,2.71,150.32,0.0225,0.0242,0.03275,0.58589,,-0.654,45.403,1.105,2745213911040,13658404945920,4790651191296,,0.0,,yfinance,0.2.65,1
2026-09-22,CASS,PT Cahaya Aero Services Tbk,Industrials,Airports & Air Services,IDR,EQUITY,1850.0,3860857618432,2086950000,8.0306,,2.1906,230.37,844.53,0.43746,0.20667,0.14469,0.30732,,,6.316,3.605,337773625344,1584592060416,147719995392,,0.0,1.58,yfinance,0.2.65,1
2026-09-22,CBDK,PT Bangun Kosambi Sukses Tbk,Real Estate,Real Estate Services,IDR,EQUITY,3610.0,20424249311232,5657686900,8.0739,,1.928,447.12,1872.41,0.20882,0.07238,0.72082,0.80878,1.917,0.897,1.614,1.506,-734967758848,3425899905024,217454379008,0.14,0.0112,,yfinance,0.2.65,1
2026-09-22,CBUT,PT Citra Borneo Utama Tbk,Consumer Defensive,Packaged Foods,IDR,EQUITY,980.0,3062499901440,3125000000,13.0981,,2.3389,74.82,418.99,0.2026,0.0711,0.01409,0.03963,123.183,0.804,268.555,1.135,-1045746024448,231071006720,3516339060736,,0.0,,yfinance,0.2.65,1
2026-09-22,CDIA,PT Chandra Daya Investasi TBK.,Utilities,Utilities - Regulated Electric,IDR,EQUITY,615.0,76721151803392,124749839100,61.3161,,76875.0,10.03,0.01,0.06917,0.0061,0.43168,0.05557,-0.802,0.269,69.366,10.911,-104844856,627175808,767985728,1.09,0.692,,yfinance,0.2.65,1
2026-09-22,CENT,PT Centratama Telekomunikasi Indonesia Tbk,Communication Services,Telecom Services,IDR,EQUITY,105.0,3274263756800,31183464900,,,1.3379,-76.25,78.48,-0.78816,0.01558,-0.95541,0.28303,,-0.034,995.675,0.095,-82458877952,651074011136,24367698280448,,0.0,1.58,yfinance,0.2.65,1
2026-09-22,CFIN,PT. Clipan Finance Indonesia Tbk,Financial Services,Credit Services,IDR,EQUITY,364.0,1450365419520,3984520457,6.1989,,0.2549,58.72,1428.11,0.04129,0.02446,0.37933,0.3432,-0.055,-0.054,55.398,25.886,,70123634688,3152322232320,13.66,0.8514,3.29,yfinance,0.2.65,1
2026-09-22,CLAY,PT Citra Putra Realty Tbk,Consumer Cyclical,Lodging,IDR,EQUITY,2750.0,7067499757568,2570000000,270.1375,,247.4579,10.18,11.11,1.64382,0.04234,0.15064,0.31408,,0.847,1041.695,0.412,-119151329280,23897303040,297109422080,,0.0,,yfinance,0.2.65,1
2026-09-22,CLEO,PT Sariguna Primatirta Tbk,Consumer Defensive,Beverages - Non-Alcoholic,IDR,EQUITY,406.0,9744000483328,24000000000,22.9638,7.4935,3.8901,17.68,104.37,0.18941,0.12256,0.13652,0.2158,0.494,0.315,18.78,1.509,31724871680,50518433792,483521134592,0.6,0.1388,0.48,yfinance,0.2.65,1
2026-09-22,CMNP,PT Citra Marga Nusaphala Persada Tbk,Industrials,Infrastructure Operations,IDR,EQUITY,1390.0,9307932327936,6696354391,7.9903,,0.615,173.96,2260.3,0.06201,0.04124,0.18871,0.4484,0.105,-0.058,40.529,0.997,-1659569307648,377412157440,6831723249664,,0.0,,yfinance,0.2.65,1
2026-09-22,CMNT,PT Cemindo Gemilang Tbk,Basic Materials,Building Materials,IDR,EQUITY,740.0,12672872480768,17125504000,,,5.6149,-13.85,131.79,-0.08055,0.03381,-0.02495,0.07312,,0.172,352.729,0.503,615763345408,509088006144,9092815912960,,0.0,,yfinance,0.2.65,1
2026-09-22,CMRY,PT Cisarua Mountain Dairy Tbk,Consumer Defensive,Packaged Foods,IDR,EQUITY,4500.0,35706072203264,7934683000,16.1435,20.1794,4.985,278.75,902.7,0.32229,0.17106,0.18365,0.18311,0.2,0.234,0.006,2.03,667479506944,1238067052544,449000000,4.48,0.7178,,yfinance,0.2.65,1
2026-09-22,CNMA,PT Nusantara Sejahtera Raya Tbk,Communication Services,Entertainment,IDR,EQUITY,91.0,7578472939520,83279924289,12.9078,5.4985,2.0276,7.05,44.88,0.15599,0.08803,0.10498,0.18361,-0.494,-0.214,42.056,2.641,546766127104,1389478936576,1650524946432,13.08,1.6881,,yfinance,0.2.65,1
2026-09-22,COCO,PT Wahana Interfood Nusantara Tbk,Consumer Defensive,Confectioners,IDR,EQUITY,119.0,1694301028352,14237823696,16.3574,,5.152,7.28,23.1,-4.01938,-0.25195,-1.14287,-0.23694,,0.043,431.349,1.63,-242210570240,34559102976,354645737472,,,,yfinance,0.2.65,1
2026-09-22,COIN,PT Indokripto Koin Semesta Tbk,Financial Services,Financial Data & Stock Exchanges,IDR,EQUITY,825.0,12132352524288,14705882400,,105.364,8.0283,-1.11,102.76,-0.0111,-0.0012,-0.06364,-0.69262,,-0.47,0.336,20.858,-13002997760,290821570560,5073538048,,0.0,,yfinance,0.2.65,1
2026-09-22,CPIN,PT Charoen Pokphand Indonesia Tbk,Consumer Defensive,Farm Products,IDR,EQUITY,3150.0,51653701009408,16398000000,6.9395,13.7117,1.4802,453.92,2128.14,0.22792,0.13227,0.0967,0.06196,2.111,0.268,28.211,2.681,1079185899520,5822205132800,9848828723200,5.79,0.3965,1.31,yfinance,0.2.65,1
2026-09-22,CPRO,PT Central Proteina Prima Tbk,Consumer Defensive,Farm Products,IDR,EQUITY,50.0,2978619064320,40470734746,9.2593,,0.7483,5.4,66.82,0.0824,0.06868,0.03148,0.07719,-0.307,0.098,39.598,1.187,88792997888,83880001536,1577363963904,,0.0,,yfinance,0.2.65,1
2026-09-22,CSAP,PT Catur Sentosa Adiprana Tbk,Industrials,Industrial Distribution,IDR,EQUITY,288.0,1636754391040,5683175151,8.9497,,0.4496,32.18,640.59,0.05352,0.03229,0.00995,0.04157,2.271,0.191,114.875,0.991,540362539008,116546895872,4427173855232,1.37,0.1243,1.07,yfinance,0.2.65,1
2026-09-22,CSRA,PT Cisadane Sawit Raya Tbk,Consumer Defensive,Farm Products,IDR,EQUITY,735.0,1506749972480,2050000000,5.7043,,0.8989,128.85,817.67,0.17003,0.09156,0.10881,0.09426,-0.268,0.467,46.965,1.596,-125600653312,46322683904,750713634816,1.63,0.0953,,yfinance,0.2.65,1
2026-09-22,CTBN,PT Citra Tubindo Tbk,Energy,Oil & Gas Equipment & Services,IDR,EQUITY,3010.0,2409118302208,800371500,34.1463,,23515.623,88.15,0.13,0.04392,0.02585,0.02616,0.0369,-0.789,-0.105,2.279,2.89,32006856,60808472,2341585,15.25,5.1842,6.48,yfinance,0.2.65,1
2026-09-22,CTRA,PT Ciputra Development Tbk,Real Estate,Real Estate - Development,IDR,EQUITY,575.0,10658024259584,18535695255,4.2273,4.7865,0.435,136.02,1321.69,0.10043,0.04689,0.21166,0.29557,0.007,-0.163,29.003,2.285,-768170852352,8602401112064,7940360110080,6.43,0.2647,1.92,yfinance,0.2.65,1
2026-09-22,CUAN,PT Petrindo Jaya Kreasi Tbk,Energy,Thermal Coal,IDR,EQUITY,930.0,104531249594368,112399199400,40.6469,,310000.0,22.88,0.0,0.26372,0.01697,0.10231,0.04357,,,223.595,1.841,-280151616,451055008,1427367936,0.04,0.0,,yfinance,0.2.65,1
2026-09-22,CYBR,PT ITSEC Asia Tbk,Technology,Software - Infrastructure,IDR,EQUITY,525.0,7080291860480,13486270005,119.59,22.3119,22.7558,4.39,23.07,0.24112,0.06053,0.12343,0.10553,26.915,0.21,15.724,3.148,-89058689024,21164537856,49125187584,,0.0,,yfinance,0.2.65,1
2026-09-22,DAAZ,PT Daaz Bara Lestari Tbk,Basic Materials,Other Industrial Metals & Mining,IDR,EQUITY,1565.0,3125304885248,1997000000,11.4242,3.7548,1.8616,136.99,840.67,0.12918,0.06067,0.01935,0.04901,0.39,0.071,139.636,1.57,-1057156562944,494565949440,3124089061376,2.4,0.2847,,yfinance,0.2.65,1
2026-09-22,DATA,PT Remala Abadi Tbk,Communication Services,Telecom Services,IDR,EQUITY,1655.0,2275625140224,1375000000,17.9774,,5.4915,92.06,301.38,0.34452,0.147,0.26645,0.40687,0.578,0.106,110.653,0.383,-205945389056,9786960896,505958662144,,0.0,,yfinance,0.2.65,1
2026-09-22,DAYA,PT Duta Intidaya Tbk,Consumer Cyclical,Specialty Retail,IDR,EQUITY,1100.0,2662601850880,2420547025,27.0005,,13.9364,40.74,78.93,0.69385,0.10552,0.03195,0.06053,0.658,0.238,209.673,0.856,9903136768,72051408896,400590012416,,0.0,,yfinance,0.2.65,1
2026-09-22,DCII,PT DCI Indonesia Tbk,Real Estate,Real Estate Services,IDR,EQUITY,201775.0,480980301250560,2383745900,434.4012,,103.8967,464.49,1942.07,0.2674,0.12902,0.37439,0.47196,0.791,0.64,53.876,1.038,-1581175537664,322515992576,2552706105344,,0.0,,yfinance,0.2.65,1
2026-09-22,DEPO,PT Caturkarda Depo Bangunan Tbk,Consumer Cyclical,Home Improvement Retail,IDR,EQUITY,244.0,1656760041472,6790000000,20.9262,,1.1916,11.66,204.77,0.06021,0.01379,0.02842,0.03159,0.298,0.08,22.095,1.71,61538955264,357932498944,307208126464,0.61,0.0,,yfinance,0.2.65,1
2026-09-22,DEWA,PT Darma Henwa Tbk,Energy,Thermal Coal,IDR,EQUITY,348.0,13588926300160,39048640370,3.0593,208383.23,1.6785,113.75,207.33,0.69129,0.02555,0.6893,0.29006,1.303,0.087,69.347,0.71,-49132089344,862424596480,5624831148032,0.41,0.0,,yfinance,0.2.65,1
2026-09-22,DGWG,PT Delta Giri Wacana Tbk,Basic Materials,Agricultural Inputs,IDR,EQUITY,320.0,1882353041408,5882353000,6.958,,1.686,45.99,189.8,0.25764,0.08379,0.05453,0.09147,0.878,0.518,104.488,1.122,1639000064,155623997440,1208323014656,7.41,0.3261,,yfinance,0.2.65,1
2026-09-22,DILD,PT Intiland Development Tbk,Real Estate,Real Estate - Development,IDR,EQUITY,115.0,1192073232384,10365854185,19.5578,16.4286,0.2108,5.88,545.63,0.02629,0.03032,0.02618,0.19897,2.373,-0.201,44.683,1.154,576895582208,792382603264,3027207716864,,0.0,1.41,yfinance,0.2.65,1
2026-09-22,DKFT,PT Central Omega Resources Tbk,Basic Materials,Other Industrial Metals & Mining,IDR,EQUITY,665.0,3666468143104,5513485875,5.55,5.1154,2.3837,119.82,278.98,0.5056,0.12613,0.41021,0.34578,-0.068,-0.055,33.883,2.738,102686777344,847587966976,519153221632,13.24,0.5008,,yfinance,0.2.65,1
2026-09-22,DLTA,PT Delta Djakarta Tbk,Consumer Defensive,Beverages - Brewers,IDR,EQUITY,1785.0,1429176451072,800659050,9.644,,2.1221,185.09,841.15,0.20311,0.07973,0.20643,0.14441,-0.119,0.18,0.696,1.975,352529645568,736626671616,4692554752,10.14,0.9784,9.1,yfinance,0.2.65,1
2026-09-22,DMAS,PT Puradelta Lestari Tbk,Real Estate,Real Estate - Development,IDR,EQUITY,185.0,8916650950656,48198111100,5.7169,6.3508,1.2726,32.36,145.38,0.23542,0.11767,0.62402,0.45893,3.822,6.113,0.015,4.124,1390531182592,2085029675008,1054170496,8.73,0.5099,14.43,yfinance,0.2.65,1
2026-09-22,DMMX,PT Digital Mediatama Maxima Tbk,Communication Services,Advertising Agencies,IDR,EQUITY,186.0,1350254854144,7259435200,34.0037,,1.9905,5.47,93.44,0.05786,0.02707,0.08437,-0.21894,,-0.695,8.091,2.726,-107662999552,83109257216,55058395136,2.96,1.0073,,yfinance,0.2.65,1
2026-09-22,DMND,PT Diamond Food Indonesia Tbk,Consumer Defensive,Packaged Foods,IDR,EQUITY,680.0,6438483656704,9468359000,13.0769,,0.9666,52.0,703.48,0.07555,0.0452,0.03945,0.046,0.401,0.215,0.627,3.347,-149753118720,610512994304,42013999104,1.15,0.1442,,yfinance,0.2.65,1
2026-09-22,DNAR,PT Bank Oke Indonesia Tbk,Financial Services,Banks - Regional,IDR,EQUITY,128.0,2162226102272,16892391185,9.8765,,0.553,12.96,231.45,0.05864,0.0167,0.37482,0.44329,0.97,0.361,,,,418872655872,407954030592,,0.0,,yfinance,0.2.65,1
2026-09-22,DNET,PT Indoritel Makmur Internasional Tbk.,Communication Services,Telecom Services,IDR,EQUITY,9775.0,138648599134208,14184000000,124.6811,,8.881,78.4,1100.67,0.07262,0.00575,0.62993,0.09832,-0.509,0.059,44.303,0.973,-467879002112,1209011011584,7043116171264,0.05,0.0,,yfinance,0.2.65,1
2026-09-22,DOID,PT Buma Internasional Grup Tbk,Energy,Thermal Coal,IDR,EQUITY,232.0,1706863362048,7357169432,,1.2577,231999.98,-223.77,0.0,-1.89086,-0.02791,-0.06424,-0.03418,,-0.01,41870.594,0.976,28124928,158459184,1045564416,,0.0,,yfinance,0.2.65,1
2026-09-22,DOOH,PT Era Media Sejahtera Tbk,Communication Services,Advertising Agencies,IDR,EQUITY,382.0,2956256346112,7738891036,36.59,,9.5507,10.44,40.0,0.27623,0.01693,0.35818,-0.12406,10.852,0.255,10.453,6.188,7313643520,227127148544,32354758656,,0.0,,yfinance,0.2.65,1
2026-09-22,DRMA,PT Dharma Polimetal Tbk,Consumer Cyclical,Auto Parts,IDR,EQUITY,960.0,4517647089664,4705882300,6.4869,6.1069,1.6552,147.99,579.99,0.26299,0.12076,0.10998,0.10738,0.417,0.226,12.579,1.837,406714515456,539468496896,362465296384,7.41,0.473,,yfinance,0.2.65,1
2026-09-22,DSNG,PT Dharma Satya Nusantara Tbk,Consumer Defensive,Farm Products,IDR,EQUITY,1545.0,16376757485568,10599842400,8.5044,6.7989,1.3665,181.67,1130.59,0.16749,0.10019,0.1538,0.2431,0.043,0.001,28.307,1.345,598880223232,676925014016,3434108944384,2.85,0.2586,3.13,yfinance,0.2.65,1
2026-09-22,DSSA,PT Dian Swastatika Sentosa Tbk,Energy,Thermal Coal,IDR,EQUITY,1000.0,154732119195648,154732123250,40.1445,,83333.336,24.91,0.01,0.15553,0.05449,0.08457,0.16849,0.021,-0.06,67.404,2.258,-246393104,624564416,1596305536,,0.0,,yfinance,0.2.65,1
2026-09-22,DUTI,PT Duta Pertiwi Tbk,Real Estate,Real Estate - Development,IDR,EQUITY,4800.0,8880000073728,1850000000,14.0845,,0.8629,340.8,5562.36,0.06296,0.03597,0.21261,0.39941,4.683,0.444,0.023,2.765,1198704427008,3629033979904,3005514752,10.0,1.4084,,yfinance,0.2.65,1
2026-09-22,DVLA,PT Darya-Varia Laboratoria Tbk,Healthcare,Drug Manufacturers - Specialty & Generic,IDR,EQUITY,1575.0,1764000006144,1120000000,12.9035,,1.1759,122.06,1339.36,0.09102,0.04335,0.05786,0.08156,-0.098,0.133,0.008,2.154,60622950400,471021289472,119394000,8.13,0.8607,6.01,yfinance,0.2.65,1
2026-09-22,DWGL,PT Dwi Guna Laksana Tbk,Energy,Thermal Coal,IDR,EQUITY,222.0,2054126305280,9252820991,8.82,,3.4359,25.17,64.61,0.48364,0.10067,0.06499,0.07541,0.205,0.173,50.265,1.556,272453255168,722644566016,300506251264,,0.0,,yfinance,0.2.65,1
2026-09-22,EKAD,PT Ekadharma International Tbk,Basic Materials,Specialty Chemicals,IDR,EQUITY,398.0,1390562246656,3493875000,2.7209,,1.1279,146.27,352.88,0.05076,0.03893,0.10407,0.28226,0.677,0.248,2.118,14.002,31290830848,508568207360,26839707648,2.25,,3.95,yfinance,0.2.65,1
2026-09-22,ELPI,PT Pelayaran Nasional Ekalya Purnamasari Tbk,Industrials,Marine Shipping,IDR,EQUITY,580.0,5522965659648,9522353845,38.5126,,1.6917,15.06,342.85,0.05021,0.02403,0.14842,0.08314,-0.634,-0.292,16.199,4.026,103989501952,364124012544,429365002240,2.35,0.9429,,yfinance,0.2.65,1
2026-09-22,ELSA,PT Elnusa Tbk,Energy,Oil & Gas Equipment & Services,IDR,EQUITY,690.0,5035965022208,7298500000,6.1662,13.9113,0.9285,111.9,743.17,0.15735,0.05019,0.05401,0.06036,0.636,0.226,8.15,1.446,599250501632,2954776018944,442209992704,6.37,0.3958,5.26,yfinance,0.2.65,1
2026-09-22,ELTY,PT Bakrieland Development Tbk,Real Estate,Real Estate Services,IDR,EQUITY,32.0,1392701210624,1400000000,,,0.2514,-0.46,127.28,-0.00755,0.00778,-0.01893,0.06134,,-0.013,18.678,0.827,79264997376,144457007104,1115950940160,,0.0,,yfinance,0.2.65,1
2026-09-22,EMAS,PT Merdeka Gold Resources Tbk,Basic Materials,Gold,IDR,EQUITY,7625.0,112326665568256,14731366060,,382014.03,305000.0,-31.37,0.03,-0.08508,-0.00261,-0.8516,0.35894,,335.723,125.871,0.405,-189338192,62141584,455106720,,0.0,,yfinance,0.2.65,1
2026-09-22,EMTK,PT Elang Mahkota Teknologi Tbk,Communication Services,Broadcasting,IDR,EQUITY,450.0,27532126584832,61182504933,12.2449,68.4931,0.7517,36.75,598.64,0.07585,0.01411,0.10618,0.07324,-0.974,0.026,6.298,4.837,806837026816,25877746286592,3273417031680,2.16,0.2723,1.37,yfinance,0.2.65,1
2026-09-22,ENRG,PT Energi Mega Persada Tbk,Energy,Oil & Gas E&P,IDR,EQUITY,1230.0,43302917242880,35205624404,20.9255,12.0825,34166.668,58.78,0.04,0.1279,0.06595,0.18629,0.38874,0.424,0.2,56.576,0.598,-30485878,114738728,502137408,,0.0,,yfinance,0.2.65,1
2026-09-22,EPMT,PT Enseval Putera Megatrading Tbk.,Healthcare,Medical Distribution,IDR,EQUITY,2630.0,7123723354112,2708640000,8.5984,,0.8627,305.87,3048.42,0.10543,0.0531,0.0236,0.0268,0.483,0.189,2.191,2.118,113866948608,442588594176,181882470400,7.89,0.0,7.54,yfinance,0.2.65,1
2026-09-22,ERAA,PT Erajaya Swasembada Tbk,Consumer Cyclical,Specialty Retail,IDR,EQUITY,615.0,9568516046848,15558563078,6.8524,9.987,1.0148,89.75,606.05,0.15506,0.05447,0.01672,0.028,-0.079,0.069,72.92,1.264,4809970155520,1312396673024,7980815745024,4.0,0.0,4.19,yfinance,0.2.65,1
2026-09-22,ERAL,PT Sinar Eka Selaras Tbk,Consumer Cyclical,Specialty Retail,IDR,EQUITY,310.0,1608124989440,5187500000,9.4111,,0.8881,32.94,349.06,0.11205,0.06683,0.02608,0.04782,0.689,0.594,17.201,1.948,13195884544,297737486336,314745257984,2.52,0.2429,,yfinance,0.2.65,1
2026-09-22,ESSA,PT ESSA Industries Indonesia Tbk.,Basic Materials,Chemicals,IDR,EQUITY,600.0,10336184827904,17226975700,11.4155,12.2374,24000.0,52.56,0.03,0.14062,0.08891,0.16173,0.17418,0.702,0.343,0.019,3.158,157512048,200175536,106112,8.67,0.2023,,yfinance,0.2.65,1
2026-09-22,EXCL,PT XLSMART Telecom Sejahtera Tbk,Communication Services,Telecom Services,IDR,EQUITY,2430.0,44225668317184,18199862451,,14.4738,1.5316,-249.02,1586.6,-0.13436,-0.00686,-0.08865,0.03172,,0.16,204.323,0.318,14058289889280,2016213991424,59348571127808,6.57,0.3827,2.65,yfinance,0.2.65,1
2026-09-22,FAPA,PT FAP Agri Tbk,Consumer Defensive,Farm Products,IDR,EQUITY,7425.0,25876047593472,3484989800,20.45,,6.2299,363.08,1191.83,0.36388,0.13109,0.15445,0.31493,1.092,0.296,113.773,0.841,-335832317952,963658973184,4963962454016,0.94,0.1929,,yfinance,0.2.65,1
2026-09-22,FAST,PT Fast Food Indonesia Tbk,Consumer Cyclical,Restaurants,IDR,EQUITY,424.0,1916650651648,4520402492,,,7.9115,-67.01,53.59,-1.06915,-0.02609,-0.05392,-0.0673,,0.136,577.298,0.316,61010489344,147029704704,2360821940224,,0.0,1.67,yfinance,0.2.65,1
2026-09-22,FILM,PT.MD Entertainment Tbk,Communication Services,Entertainment,IDR,EQUITY,715.0,7784609873920,10887566758,,,2.4996,-19.99,286.05,-0.0878,-0.02318,-0.42666,-0.00046,,-0.243,12.248,1.536,327855964160,268149866496,390212878336,,0.0,,yfinance,0.2.65,1
2026-09-22,FISH,PT FKS Multi Agro Tbk,Consumer Defensive,Food Distribution,IDR,EQUITY,675.0,3239999963136,4800000000,63.3803,,19285.715,10.65,0.04,0.05856,0.02314,0.00812,-0.0003,-0.716,0.032,75.939,1.372,44187304,103947704,135001168,2.22,1.3,4.45,yfinance,0.2.65,1
2026-09-22,FMII,PT Fortune Mate Indonesia Tbk,Real Estate,Real Estate - Development,IDR,EQUITY,238.0,1523200032768,6400000000,,,2.1975,-0.64,108.31,-0.00587,-0.00298,-0.77038,0.15453,,,6.546,3.231,-4843874816,1599289728,45389819904,,0.0,,yfinance,0.2.65,1
2026-09-22,FOLK,PT Multi Garam Utama Tbk,Consumer Cyclical,Internet Retail,IDR,EQUITY,240.0,981925756928,4091357544,,,7.2198,-2.76,33.24,-0.15718,-0.11258,-0.61522,-0.41822,,0.074,2.718,6.083,-14702169088,45363687424,3265377792,,0.0,,yfinance,0.2.65,1
2026-09-22,FORE,PT Fore Kopi Indonesia Tbk,Consumer Cyclical,Restaurants,IDR,EQUITY,805.0,7179279007744,8918359270,68.8034,35.0,9.7321,11.7,82.72,0.15258,0.07773,0.05685,0.11737,0.171,0.512,33.263,1.226,76297887744,263964213248,245381005312,,0.0,,yfinance,0.2.65,1
2026-09-22,FPNI,PT Lotte Chemical Titan Tbk,Basic Materials,Specialty Chemicals,IDR,EQUITY,525.0,2922367156224,5566414000,9.8499,,26250.0,53.3,0.02,0.16114,0.02988,0.04814,0.08545,,0.419,0.132,1.531,17144124,35195000,147000,,0.0,,yfinance,0.2.65,1
2026-09-22,FUTR,PT Futura Energi Global Tbk,Utilities,Utilities - Renewable,IDR,EQUITY,260.0,1725243457536,6635551959,,,10.1682,-8.13,25.57,-0.26032,-0.14124,-2.86313,-0.97279,,-0.543,3.212,7.019,9375418368,30968856576,5450355712,,0.0,,yfinance,0.2.65,1
2026-09-22,GDST,PT Gunawan Dianjaya Steel Tbk,Basic Materials,Steel,IDR,EQUITY,126.0,1164555059200,9242500000,11.6992,,0.7856,10.77,160.39,0.07093,0.01402,0.04754,0.0501,13.107,-0.035,107.729,0.99,-39969779712,1302656057344,1596961849344,1.8,0.2321,,yfinance,0.2.65,1
2026-09-22,GEMS,PT Golden Energy Mines Tbk,Energy,Thermal Coal,IDR,EQUITY,7200.0,42352940941312,5882353000,10.4069,,54135.336,691.85,0.13,0.2897,0.1617,0.09579,0.18401,-0.294,-0.101,16.585,1.766,140337744,141001248,131087592,3.23,0.9234,13.49,yfinance,0.2.65,1
2026-09-22,GGRP,PT Gunung Raja Paksi Tbk,Basic Materials,Steel,IDR,EQUITY,334.0,4045199638528,12111376157,,,6301.8867,-20.26,0.05,-0.02113,-0.01885,-0.06591,-0.0064,,0.551,19.235,1.845,-61065044,8914758,122440424,8.33,0.0,,yfinance,0.2.65,1
2026-09-22,GIAA,PT. Garuda Indonesia (Persero) Tbk,Industrials,Airlines,IDR,EQUITY,63.0,25646778548224,25886576253,,,,-1.06,-0.0,,0.01667,-0.08984,0.06287,,0.054,5399.223,0.981,-15315299,857640000,3684969984,,0.0,,yfinance,0.2.65,1
2026-09-22,GJTL,PT. Gajah Tunggal Tbk,Consumer Cyclical,Auto Parts,IDR,EQUITY,1305.0,4547218505728,3484458600,2.8555,5.6987,0.4131,457.01,3159.14,0.1532,0.05787,0.08759,0.1013,3.277,0.166,52.776,1.466,-608099500032,1279596953600,5809530994688,6.13,0.1751,0.93,yfinance,0.2.65,1
2026-09-22,GMFI,PT Garuda Maintenance Facility Aero Asia Tbk,Industrials,Aerospace & Defense,IDR,EQUITY,56.0,6990774403072,124835258434,3.7383,6.2787,55999.996,14.98,0.0,,0.07382,0.06173,0.09661,-0.763,0.858,251.539,1.085,27061344,42503384,363775744,,0.0,,yfinance,0.2.65,1
2026-09-22,GMTD,PT Gowa Makassar Tourism Development Tbk,Real Estate,Real Estate - Development,IDR,EQUITY,1195.0,1213379117056,1015380000,40.8128,,1.3856,29.28,862.44,0.03443,0.01393,0.10779,0.31092,0.928,0.422,0.016,2.325,46933917696,42524528640,144409632,0.34,0.1382,0.38,yfinance,0.2.65,1
2026-09-22,GOLF,PT Intra Golflink Resorts Tbk,Consumer Cyclical,Leisure,IDR,EQUITY,176.0,3429669797888,19486760000,64.2336,,0.4276,2.74,411.58,0.00666,0.00496,0.22391,0.21708,0.123,0.532,6.035,5.856,95877414912,235494359040,484076453888,0.3,0.4478,,yfinance,0.2.65,1
2026-09-22,GOOD,PT Garudafood Putra Putri Jaya Tbk,Consumer Defensive,Packaged Foods,IDR,EQUITY,308.0,11358302109696,36877600855,16.2105,,2.9081,19.0,105.91,0.18859,0.07459,0.04889,0.05088,0.096,0.286,55.88,1.272,206743371776,912625434624,2409738272768,3.06,0.4997,1.8,yfinance,0.2.65,1
2026-09-22,GOTO,PT GoTo Gojek Tokopedia Tbk,Technology,Software - Infrastructure,IDR,EQUITY,50.0,53304621006848,1066092420829,,-9.3985,1.6453,-0.02,30.39,-0.01157,0.00801,9e-05,0.06434,,0.306,28.366,2.61,1504526729216,23679582863360,8220597813248,,0.0,,yfinance,0.2.65,1
2026-09-22,GRIA,PT Ingria Pratama Capitalindo Tbk,Real Estate,Real Estate - Development,IDR,EQUITY,176.0,1298126864384,7375720674,189.2473,,3.2569,0.93,54.04,0.01734,0.01,0.1201,0.09889,-0.226,-0.344,11.739,5.563,26528391168,12779987968,46790258688,,0.0,,yfinance,0.2.65,1
2026-09-22,GSMF,PT Equity Development Investment Tbk,Financial Services,Insurance - Diversified,IDR,EQUITY,99.0,1530224705536,1441440000,57.8947,,0.6073,1.71,163.02,0.01055,0.00662,0.02445,-0.20629,,-0.274,18.065,3.194,-1355061919744,1188939956224,476109996032,,0.0,,yfinance,0.2.65,1
2026-09-22,GTSI,PT GTS Internasional Tbk,Industrials,Marine Shipping,IDR,EQUITY,151.0,2388690731008,15819142767,,,50333.332,-4.45,0.0,-0.06049,-0.00996,-0.11025,-0.13177,,0.138,78.307,1.284,-30126092,18956242,48829648,0.63,0.0,,yfinance,0.2.65,1
2026-09-22,GWSA,PT Greenwood Sejahtera Tbk,Real Estate,Real Estate - Development,IDR,EQUITY,165.0,1287125336064,7800760000,9.0959,,0.1765,18.14,934.69,0.01838,-0.00491,1.71904,-0.75002,0.091,0.29,2.054,33.318,-81750343680,103027384320,151043489792,,0.0,,yfinance,0.2.65,1
2026-09-22,GZCO,PT Gozco Plantations Tbk,Consumer Defensive,Farm Products,IDR,EQUITY,181.0,1046118596608,5779661000,9.2725,,0.8673,19.52,208.69,0.09316,0.04336,0.13636,0.20626,2.889,0.325,24.979,0.495,129034248192,75574001664,313597984768,,0.0,,yfinance,0.2.65,1
2026-09-22,HATM,PT Habco Trans Maritima Tbk,Industrials,Marine Shipping,IDR,EQUITY,510.0,4753199726592,9320000000,93.4066,,2.7027,5.46,188.7,0.02388,0.01852,0.04026,0.1729,-0.147,0.062,8.06,3.462,150876930048,159655706624,132008747008,0.39,0.3676,,yfinance,0.2.65,1
2026-09-22,HEAL,PT Medikaloka Hermina Tbk,Healthcare,Medical Care Facilities,IDR,EQUITY,640.0,9757247143936,15245698700,24.6723,12.9949,1.7693,25.94,361.72,0.07281,0.04891,0.0541,0.11906,-0.135,0.077,51.262,1.271,-522991632384,571786985472,3638121988096,2.06,0.521,0.63,yfinance,0.2.65,1
2026-09-22,HERO,PT DFI Retail Nusantara Tbk,Consumer Cyclical,Department Stores,IDR,EQUITY,334.0,1397333688320,4183634000,111.7057,,0.8117,2.99,411.48,0.00623,0.03028,0.0284,-0.07033,,0.14,76.735,0.607,296449245184,25590999040,1320982937600,,0.0,,yfinance,0.2.65,1
2026-09-22,HEXA,PT Hexindo Adiperkasa Tbk,Industrials,Industrial Distribution,IDR,EQUITY,4070.0,3418799996928,840000000,13.5059,203500.0,20148.514,301.35,0.2,0.0805,0.03107,0.02768,0.06268,-0.287,-0.078,52.164,1.648,81517904,17397180,88635152,10.52,1.5226,14.82,yfinance,0.2.65,1
2026-09-22,HMSP,PT Hanjaya Mandala Sampoerna Tbk,Consumer Defensive,Tobacco,IDR,EQUITY,640.0,74443569233920,116318076900,8.5322,9.588,2.8591,75.01,223.84,0.34686,0.13665,0.17646,0.2213,9.175,0.128,1.286,1.653,8845946519552,6615893803008,334811987968,8.73,0.7507,7.82,yfinance,0.2.65,1
2026-09-22,HRTA,PT Hartadinata Abadi Tbk,Consumer Cyclical,Luxury Goods,IDR,EQUITY,2120.0,9763155869696,4605262400,7.3392,5.9723,2.6134,288.86,811.19,0.41947,0.13979,0.02101,0.03092,0.341,0.652,111.814,1.689,398544601088,983698309120,4189281845248,1.88,0.1385,3.12,yfinance,0.2.65,1
2026-09-22,HRUM,PT Harum Energy Tbk,Basic Materials,Other Industrial Metals & Mining,IDR,EQUITY,885.0,11636472545280,13148556400,14.7796,5.1418,12123.288,59.88,0.07,0.07237,0.04215,0.02491,0.18827,0.145,1.12,29.561,1.852,-582779200,144936320,575749248,,0.0,,yfinance,0.2.65,1
2026-09-22,HUMI,PT Humpuss Maritim Internasional Tbk,Industrials,Marine Shipping,IDR,EQUITY,128.0,2312162770944,18063771579,241.5094,,15999.999,0.53,0.01,0.00422,0.01622,0.0035,0.06782,0.01,0.129,71.962,1.109,-29444786,33439990,124571752,0.12,0.0,,yfinance,0.2.65,1
2026-09-22,IATA,PT MNC Energy Investments Tbk,Energy,Thermal Coal,IDR,EQUITY,108.0,3377789665280,31275829981,60.6742,,26999.998,1.78,0.0,0.02535,0.02854,0.04247,0.2314,-0.877,-0.327,43.973,0.774,-9570255,1208803,57760580,,0.0,,yfinance,0.2.65,1
2026-09-22,ICBP,PT Indofood CBP Sukses Makmur Tbk,Consumer Defensive,Packaged Foods,IDR,EQUITY,6700.0,78134783246336,11661908000,10.5832,7.3987,1.4808,633.08,4524.65,0.12555,0.07311,0.09343,0.18608,-0.608,0.157,66.653,3.581,7778453684224,36117395013632,50171689828352,3.9,0.4186,2.31,yfinance,0.2.65,1
2026-09-22,IFII,PT Indonesia Fibreboard Industry Tbk,Basic Materials,Lumber & Wood Production,IDR,EQUITY,224.0,2108287877120,9412000000,14.9234,,1.4987,15.01,149.46,0.10998,0.07313,0.12722,0.14397,-0.11,0.068,13.743,2.564,290180071424,149332787200,193328283648,5.19,0.8,,yfinance,0.2.65,1
2026-09-22,IFSH,PT Ifishdeco Tbk,Basic Materials,Other Industrial Metals & Mining,IDR,EQUITY,960.0,1846365519872,1923297400,15.0188,,2.195,63.92,437.37,0.18739,0.21176,0.09471,0.37812,,1.614,6.203,5.904,93155082240,262310838272,55560196096,2.45,0.4065,,yfinance,0.2.65,1
2026-09-22,IMAS,PT Indomobil Sukses Internasional Tbk,Consumer Cyclical,Auto & Truck Dealerships,IDR,EQUITY,860.0,3435090149376,3994291039,34.2629,8.3495,0.2424,25.1,3547.19,0.00864,0.02853,0.00303,0.03205,-0.749,0.227,339.57,0.924,-612125245440,4972464832512,56908169871360,0.45,0.0,0.58,yfinance,0.2.65,1
2026-09-22,IMPC,PT Impack Pratama Industri Tbk,Industrials,Building Products & Equipment,IDR,EQUITY,1570.0,85855884541952,54685279100,111.9829,,27.2045,14.02,57.71,0.26489,0.12667,0.1594,0.23948,0.689,0.339,31.085,2.44,296881684480,479224102912,1060939104256,,0.0,,yfinance,0.2.65,1
2026-09-22,INCO,PT Vale Indonesia Tbk,Basic Materials,Other Industrial Metals & Mining,IDR,EQUITY,4730.0,49853178576896,10539784534,18.1004,23.2535,17583.643,261.32,0.27,0.05584,0.0288,0.14025,0.26836,16.63,0.319,0.056,1.584,-221326496,110662000,1582000,1.64,0.2954,4.56,yfinance,0.2.65,1
2026-09-22,INDF,PT Indofood Sukses Makmur Tbk,Consumer Defensive,Packaged Foods,IDR,EQUITY,6925.0,60804451794944,8780426500,6.3516,5.3269,0.7932,1090.28,8730.95,0.12137,0.06997,0.07409,0.18085,-0.433,0.118,63.789,2.029,11974183223296,64252073213952,79552919371776,4.14,0.2661,4.02,yfinance,0.2.65,1
2026-09-22,INDR,PT. Indo-Rama Synthetics Tbk,Consumer Cyclical,Textile Manufacturing,IDR,EQUITY,2740.0,1792923664384,654351707,9.8867,,4740.4844,277.14,0.58,0.01168,0.0065,-0.00362,0.06191,,0.255,31.206,1.012,-17249702,18030904,120721872,,0.0,3.04,yfinance,0.2.65,1
2026-09-22,INDS,PT Indospring Tbk,Consumer Cyclical,Auto Parts,IDR,EQUITY,248.0,1627499266048,6562497100,25.4359,,0.4755,9.75,521.57,0.02472,0.01862,0.01789,0.04459,0.632,0.254,6.926,2.676,-17929353216,57341501440,250973569024,1.98,0.5128,3.56,yfinance,0.2.65,1
2026-09-22,INDY,PT. Indika Energy Tbk,Energy,Thermal Coal,IDR,EQUITY,2610.0,13579026694144,5202692000,52.5257,7.943,11298.701,49.69,0.23,0.03069,0.03252,0.00629,0.09327,,0.399,94.428,2.071,19446804,649958016,1274259328,0.38,0.205,3.46,yfinance,0.2.65,1
2026-09-22,INET,PT Sinergi Inti Andalan Prima Tbk,Communication Services,Telecom Services,IDR,EQUITY,312.0,6981858885632,22377753318,132.766,,6.9649,2.35,44.8,0.0249,0.01792,0.0519,0.07924,25.555,15.5,46.745,2.835,-304862068736,4336912957440,1780486504448,0.01,0.0209,,yfinance,0.2.65,1
2026-09-22,INKP,PT Indah Kiat Pulp & Paper Tbk,Basic Materials,Paper & Paper Products,IDR,EQUITY,8575.0,46913680310272,5470982941,3.9872,5.6497,6520.912,2150.61,1.31,0.09631,0.03565,0.20011,0.17941,8.165,0.132,72.12,2.733,-7098125,3878605056,5187321856,0.87,0.0346,0.64,yfinance,0.2.65,1
2026-09-22,INPC,PT Bank Artha Graha Internasional Tbk,Financial Services,Banks - Regional,IDR,EQUITY,150.0,3033511755776,20223412907,,,0.7835,-26.84,191.45,-0.13129,-0.01856,-0.4014,0.09397,-0.481,0.148,,,,1870731018240,688274997248,,0.0,,yfinance,0.2.65,1
2026-09-22,INPP,PT Indonesian Paradise Property Tbk,Real Estate,Real Estate Services,IDR,EQUITY,700.0,7827380240384,11181971732,263.1579,,1.3648,2.66,512.91,0.03049,0.02045,0.01732,0.18812,-0.423,-0.093,33.465,2.836,412526247936,742643990528,2262829105152,0.64,1.8727,,yfinance,0.2.65,1
2026-09-22,INTP,PT Indocement Tunggal Prakarsa Tbk,Basic Materials,Building Materials,IDR,EQUITY,5175.0,17755803746304,3431073399,7.3287,10.5655,0.7686,706.13,6732.8,0.10689,0.04378,0.12913,0.08695,0.345,0.136,12.218,1.465,2232968282112,3911459012608,2701245022208,8.91,0.6626,3.86,yfinance,0.2.65,1
2026-09-22,IPCC,PT Indonesia Kendaraan Terminal Tbk,Industrials,Integrated Freight & Logistics,IDR,EQUITY,1085.0,1972947517440,1818384820,8.0222,5.267,1.5102,135.25,718.47,0.19124,0.09751,0.26506,0.28011,-0.195,-0.005,36.414,3.826,266123411456,1110986588160,475727233024,10.21,0.8343,,yfinance,0.2.65,1
2026-09-22,IPCM,PT Jasa Armada Indonesia Tbk,Industrials,Marine Shipping,IDR,EQUITY,290.0,1532595273728,5284811100,8.7799,,1.1562,33.03,250.83,0.129,0.07858,0.11704,0.06741,-0.51,0.067,3.132,2.493,428917719040,546829107200,41516515328,8.19,0.719,7.17,yfinance,0.2.65,1
2026-09-22,IPTV,PT MNC Vision Networks Tbk,Communication Services,Entertainment,IDR,EQUITY,28.0,1181542645760,20807078184,,,0.2036,-5.43,137.51,-0.03506,0.00026,-0.15982,-0.08517,,-0.266,8.018,2.785,399597862912,14638999552,472647008256,,0.0,,yfinance,0.2.65,1
2026-09-22,IRSX,PT Folago Global Nusantara Tbk,Technology,Software - Application,IDR,EQUITY,432.0,2676260601856,6195047377,87.2727,,8.8528,4.95,48.8,0.15492,0.09835,0.05511,0.03905,,2.334,0.57,5.719,-25546868736,126987730944,1805768448,0.04,0.0344,,yfinance,0.2.65,1
2026-09-22,ISAT,PT Indosat Tbk,Communication Services,Telecom Services,IDR,EQUITY,2410.0,77724454486016,32250810956,10.3808,12.0929,2.0978,232.16,1148.8,0.20238,0.05956,0.12459,0.21242,1.751,0.14,176.375,0.665,9526061301760,15781625593856,70718322638848,4.81,0.4784,1.83,yfinance,0.2.65,1
2026-09-22,ISSP,PT Steel Pipe Industry of Indonesia Tbk,Basic Materials,Steel,IDR,EQUITY,404.0,2848797229056,7051478435,5.0792,,0.4932,79.54,819.17,0.10294,0.05468,0.09121,0.15699,0.271,0.211,62.376,2.048,-1148275392512,701200007168,3596931039232,4.95,0.2514,3.37,yfinance,0.2.65,1
2026-09-22,ITMA,PT Sumber Energi Andalan Tbk,Basic Materials,Other Industrial Metals & Mining,IDR,EQUITY,1435.0,1433641287680,999053167,45.0408,,6612.9033,31.86,0.22,0.00797,0.00107,0.58267,0.18812,,0.291,7.322,0.594,-2981523,540154,15951328,,0.0,,yfinance,0.2.65,1
2026-09-22,ITMG,PT Indo Tambangraya Megah Tbk,Energy,Thermal Coal,IDR,EQUITY,25975.0,28642639872000,1102700300,7.7088,6.312,15075.449,3369.54,1.72,0.11119,0.07141,0.10496,0.12782,1.004,0.151,5.2,3.458,203206128,804017024,99339000,6.62,0.5342,16.98,yfinance,0.2.65,1
2026-09-22,JARR,PT Jhonlin Agro Raya Tbk,Consumer Defensive,Farm Products,IDR,EQUITY,3280.0,30276579229696,9230665050,112.8311,,15.0186,29.07,218.4,0.1396,0.06551,0.06673,0.15905,0.168,-0.172,85.673,3.954,-9352458240,456938127360,1727116083200,0.2,0.2247,,yfinance,0.2.65,1
2026-09-22,JAWA,PT Jaya Agra Wattie Tbk,Consumer Defensive,Farm Products,IDR,EQUITY,180.0,2921931210752,16232951842,,,2.1397,-3.18,84.12,-0.03736,0.02853,-0.03223,0.20434,1.951,-0.039,171.508,0.876,-132236247040,3567855104,2355250855936,,0.0,,yfinance,0.2.65,1
2026-09-22,JGLE,PT Graha Andrasentra Propertindo Tbk,Consumer Cyclical,Leisure,IDR,EQUITY,66.0,1490406080512,22581909405,,,1.3922,-1.91,47.41,-0.03989,0.0025,-0.27534,0.02348,,-0.007,22.386,0.826,23355750400,6988000256,239758000128,,0.0,,yfinance,0.2.65,1
2026-09-22,JIHD,PT Jakarta International Hotels & Development Tbk,Consumer Cyclical,Lodging,IDR,EQUITY,426.0,992171196416,2329040482,,,0.2818,-93.1,1511.79,-0.02308,-0.01911,-0.13436,0.01709,-0.506,0.013,14.012,0.859,127462957056,585978413056,649052422144,,0.0,,yfinance,0.2.65,1
2026-09-22,JKON,PT Jaya Konstruksi Manggala Pratama Tbk,Industrials,Conglomerates,IDR,EQUITY,82.0,1337298649088,16308519860,4.8122,,0.3988,17.04,205.63,0.08545,0.032,0.05888,0.07693,,0.886,2.415,2.214,-4162765312,364910772224,82100314112,2.38,0.1174,1.01,yfinance,0.2.65,1
2026-09-22,JPFA,PT Japfa Comfeed Indonesia Tbk,Consumer Defensive,Farm Products,IDR,EQUITY,2270.0,26394809597952,8716079901,5.0556,10.9377,1.3404,449.01,1693.54,0.29183,0.11465,0.07644,0.06056,0.17,0.342,76.241,1.493,-3049048506368,2600607940608,16265329508352,6.17,0.3118,2.47,yfinance,0.2.65,1
2026-09-22,JRPT,"PT Jaya Real Property, Tbk.",Real Estate,Real Estate - Development,IDR,EQUITY,1135.0,14553914015744,12822832300,10.5327,15.0931,1.3306,107.76,852.99,0.1307,0.05946,0.39935,0.43105,0.125,0.122,0.055,1.259,914018729984,1769993535488,6209344000,2.7,0.2876,3.54,yfinance,0.2.65,1
2026-09-22,JSMR,PT Jasa Marga (Persero) Tbk,Industrials,Infrastructure Operations,IDR,EQUITY,2760.0,20031725371392,7257871199,5.422,5.4527,0.5394,509.04,5116.48,0.08245,0.03936,0.12726,0.39038,0.202,-0.038,123.483,0.504,-5676627656704,7106109898752,78078671847424,5.58,0.3069,1.01,yfinance,0.2.65,1
2026-09-22,JSPT,PT Jakarta Setiabudi Internasional Tbk,Real Estate,Real Estate Services,IDR,EQUITY,1445.0,3350573350912,2318736000,7.4114,,1.2631,194.97,1144.02,0.16856,0.08037,0.16871,0.36143,0.941,0.18,70.752,1.823,741411782656,2021202067456,2429486628864,1.72,0.1282,,yfinance,0.2.65,1
2026-09-22,JTPE,PT Jasuindo Tiga Perkasa Tbk,Industrials,Specialty Business Services,IDR,EQUITY,590.0,4006884671488,6791330000,11.5302,,3.2534,51.17,181.35,0.27859,0.14154,0.12556,0.17266,0.802,0.282,12.053,1.434,352156942336,670459691008,165870419968,5.21,0.6056,4.39,yfinance,0.2.65,1
2026-09-22,KAEF,PT Kimia Farma Tbk,Healthcare,Medical Distribution,IDR,EQUITY,434.0,2415899705344,5566589677,,,0.8342,-41.23,520.25,-0.0834,-0.00197,-0.02403,0.03174,,0.213,266.222,1.034,-145253007360,445472374784,7426876637184,,0.0,0.69,yfinance,0.2.65,1
2026-09-22,KBLI,PT KMI Wire and Cable Tbk,Industrials,Electrical Equipment & Parts,IDR,EQUITY,354.0,1418561191936,560000000,6.5531,,0.4888,54.02,724.26,0.07533,0.04122,0.05209,0.05419,0.415,0.38,8.0,4.321,-276292042752,307529744384,240956850176,5.49,0.3704,,yfinance,0.2.65,1
2026-09-22,KEEN,PT Kencana Energi Lestari Tbk,Utilities,Utilities - Independent Power Producers,IDR,EQUITY,850.0,3116365512704,3666312500,31.9669,,17346.94,26.59,0.05,0.03179,0.02482,0.17802,0.46165,-0.374,-0.139,49.552,1.555,17279866,1526695,101582176,0.96,0.3053,0.92,yfinance,0.2.65,1
2026-09-22,KEJU,PT Mulia Boga Raya Tbk,Consumer Defensive,Packaged Foods,IDR,EQUITY,595.0,3346875023360,5624999999,17.3015,13.8404,3.913,34.39,152.06,0.24016,0.12141,0.10839,0.12337,0.391,0.55,11.721,1.772,-166111657984,166673072128,99999997952,2.69,0.4648,,yfinance,0.2.65,1
2026-09-22,KETR,PT Ketrosden Triasmitra,Technology,Communication Equipment,IDR,EQUITY,925.0,2628168187904,2841262838,36.0343,,2.1415,25.67,431.94,0.06104,0.05243,0.11678,0.2448,-0.85,-0.599,58.465,2.683,-19248971776,251719319552,718775123968,,0.0,,yfinance,0.2.65,1
2026-09-22,KIJA,PT Kawasan Industri Jababeka Tbk,Real Estate,Real Estate - Development,IDR,EQUITY,172.0,3577055019008,711956815,,6.88,0.5909,-3.22,291.06,0.02854,0.04291,-0.01345,0.11219,,-0.133,62.627,5.648,570738999296,3207467106304,4863072141312,1.16,0.0831,,yfinance,0.2.65,1
2026-09-22,KING,PT Hoffmen Cleanindo Tbk,Industrials,Specialty Business Services,IDR,EQUITY,436.0,1134843527168,2602852170,,,16.2583,,26.82,0.04935,0.02245,0.03555,0.02756,-0.654,0.004,159.378,0.766,-35615461376,28616126464,111225724928,,,,yfinance,0.2.65,1
2026-09-22,KINO,PT Kino Indonesia Tbk,Consumer Defensive,Beverages - Non-Alcoholic,IDR,EQUITY,1380.0,1902770126848,1378818900,8.5688,8.5185,1.036,161.05,1332.05,0.12814,0.04084,0.0452,0.07658,4.765,0.33,76.89,0.691,395376001024,183955668992,1417037086720,3.26,0.2795,1.73,yfinance,0.2.65,1
2026-09-22,KKGI,PT Resource Alam Indonesia Tbk,Energy,Thermal Coal,IDR,EQUITY,326.0,1588705361920,4873329400,22.9255,,10866.667,14.22,0.03,0.01926,0.03854,0.02332,0.10575,10.1,0.124,1.779,4.134,17393754,44673164,2576074,9.7,2.1063,7.89,yfinance,0.2.65,1
2026-09-22,KLBF,PT Kalbe Farma Tbk.,Healthcare,Drug Manufacturers - General,IDR,EQUITY,740.0,33484156436480,45248860110,9.2988,9.8917,1.3763,79.58,537.67,0.14768,0.09224,0.09568,0.11865,-0.004,0.182,3.208,3.153,1983777865728,4985231245312,826475020288,2.67,0.2513,2.36,yfinance,0.2.65,1
2026-09-22,KMTR,PT Kirana Megatara Tbk,Consumer Cyclical,Auto Parts,IDR,EQUITY,250.0,2053841485824,8215366379,,,0.9674,-3.88,258.44,-0.01844,0.02344,-0.00268,0.02455,,-0.033,140.093,1.313,-327294418944,313619447808,3026750275584,,0.0,,yfinance,0.2.65,1
2026-09-22,KOTA,PT DMS Propertindo Tbk,Real Estate,Real Estate Services,IDR,EQUITY,180.0,1898287857664,10546043868,26.8657,,1.5289,6.7,117.73,0.05898,0.02623,0.41621,0.37685,,1.932,45.91,2.516,-272756948992,7741249024,575520112640,,0.0,,yfinance,0.2.65,1
2026-09-22,KPIG,PT MNC Tourism Indonesia Tbk,Real Estate,Real Estate Services,IDR,EQUITY,64.0,6868021805056,107312842189,10.4746,,0.2326,6.11,275.15,0.02136,0.01102,0.23339,0.0235,-0.329,0.05,18.546,0.705,-437936128000,157733781504,5551443410944,,0.0,,yfinance,0.2.65,1
2026-09-22,KRAS,PT Krakatau Steel (Persero) Tbk,Basic Materials,Steel,IDR,EQUITY,228.0,4410978598912,19346396899,0.546,9.12,6514.2856,417.62,0.04,0.82189,-0.01239,0.3938,-0.02767,,0.594,161.016,0.853,-446284512,89389000,1178352000,,0.0,,yfinance,0.2.65,1
2026-09-22,LIFE,PT MSIG Life Insurance Indonesia Tbk,Financial Services,Insurance - Life,IDR,EQUITY,10400.0,21840000974848,2100000000,78.1309,,2.6657,133.11,3901.47,0.03388,0.01315,0.10229,0.14127,0.038,0.02,0.136,12.465,302870626304,4684365955072,11136000000,0.84,0.7218,1.91,yfinance,0.2.65,1
2026-09-22,LINK,PT Link Net Tbk,Communication Services,Telecom Services,IDR,EQUITY,1700.0,4681721446400,2753953884,,4.4547,1.7189,-585.08,989.0,-0.45753,-0.04812,-0.56004,-0.37602,,-0.078,312.021,0.233,480690503680,213035008000,8498432180224,,0.0,4.46,yfinance,0.2.65,1
2026-09-22,LPCK,PT Lippo Cikarang Tbk,Real Estate,Real Estate - Development,IDR,EQUITY,590.0,3029464514560,5134685692,11.5732,0.6367,0.4407,50.98,1338.93,0.03504,0.01476,0.06174,0.18644,2.372,-0.244,11.621,2.954,-439395876864,352356990976,792414978048,,0.0,,yfinance,0.2.65,1
2026-09-22,LPGI,PT Lippo General Insurance Tbk,Financial Services,Insurance - Diversified,IDR,EQUITY,645.0,1934999945216,3000000000,12.0764,,1.7333,53.41,372.13,0.14994,0.03608,0.03179,0.04507,-0.047,0.21,,0.784,1607531495424,92262359040,0,1.55,0.1887,3.79,yfinance,0.2.65,1
2026-09-22,LPKR,PT Lippo Karawaci Tbk,Healthcare,Medical Care Facilities,IDR,EQUITY,52.0,3684582293504,70857354569,5.1434,19.403,0.1211,10.11,429.34,0.02593,0.0102,0.08592,0.15482,,-0.121,31.687,3.795,-514808741888,1615790997504,9937420812288,,0.0,,yfinance,0.2.65,1
2026-09-22,LPPF,PT MDS Retailing Tbk,Consumer Cyclical,Department Stores,IDR,EQUITY,1575.0,1843098943488,1395970,4.5393,4.6379,11.6745,346.97,134.91,2.29176,0.15766,0.13134,0.00516,,0.006,828.737,0.606,1101123813376,240075997184,2490180042752,15.82,0.7205,6.13,yfinance,0.2.65,1
2026-09-22,LTLS,PT Lautan Luas Tbk,Basic Materials,Specialty Chemicals,IDR,EQUITY,985.0,1442718416896,1464688800,7.6833,,0.4362,128.2,2258.01,0.07572,0.05141,0.02005,0.10433,1.148,0.363,44.175,1.226,178473877504,421122998272,1587481935872,3.1,0.2419,4.8,yfinance,0.2.65,1
2026-09-22,MAHA,PT Mandiri Herindo Adiperkasa Tbk,Industrials,Trucking,IDR,EQUITY,147.0,2410060709888,16394970000,6.4901,,1.314,22.65,111.87,0.20763,0.12962,0.11122,0.0873,28.562,0.571,30.919,1.668,175851601920,270881374208,570725105664,8.0,0.5298,,yfinance,0.2.65,1
2026-09-22,MAIN,PT Malindo Feedmill Tbk,Consumer Defensive,Packaged Foods,IDR,EQUITY,670.0,1494433398784,2230497500,3.221,7.0378,0.5217,208.01,1284.21,0.1734,0.06861,0.03351,-0.00776,,0.229,87.621,1.449,-475349516288,558558937088,2507559665664,7.82,0.25,,yfinance,0.2.65,1
2026-09-22,MAPA,PT Map Aktif Adiperkasa Tbk,Consumer Cyclical,Specialty Retail,IDR,EQUITY,690.0,19667760447488,28504000000,10.1515,10.7544,2.0555,67.97,335.69,0.21906,0.11777,0.09331,0.11537,0.221,0.155,26.274,2.123,867432857600,1160434941952,2546172952576,0.57,0.1176,,yfinance,0.2.65,1
2026-09-22,MAPB,PT Map Boga Adiperkasa Tbk,Consumer Cyclical,Restaurants,IDR,EQUITY,1135.0,2710292660224,2387922900,,,2.1245,-80.0,534.24,-0.14006,-0.03193,-0.05672,-0.04315,,0.08,35.964,0.627,283596128256,317240999936,458804985856,,0.0,,yfinance,0.2.65,1
2026-09-22,MAPI,PT. Mitra Adiperkasa Tbk,Consumer Cyclical,Department Stores,IDR,EQUITY,1490.0,24734001528832,16600000000,10.0034,10.8002,1.614,148.95,923.18,0.17613,0.07938,0.05212,0.07717,0.197,0.155,47.511,1.635,2637007683584,5550011056128,8903789117440,0.67,0.1342,0.55,yfinance,0.2.65,1
2026-09-22,MARK,PT Mark Dynamics Indonesia Tbk,Healthcare,Medical Instruments & Supplies,IDR,EQUITY,1135.0,4313000181760,3800000310,12.8118,,4.8365,88.59,234.67,0.37979,0.2527,0.32712,0.36091,0.64,0.808,0.376,4.2,186164854784,43210399744,3366350080,7.96,1.0164,6.52,yfinance,0.2.65,1
2026-09-22,MASB,PT Bank Multiarta Sentosa Tbk,Financial Services,Banks - Regional,IDR,EQUITY,3200.0,4486434652160,1402010763,21.0582,,1.0889,151.96,2938.71,0.05243,0.00677,0.20435,0.27661,0.089,0.178,,,,1640926674944,5802893824,0.69,0.0,,yfinance,0.2.65,1
2026-09-22,MAYA,PT Bank Mayapada Internasional Tbk,Financial Services,Banks - Regional,IDR,EQUITY,202.0,5285907267584,388256500,71.8861,,0.2721,2.81,742.37,0.00371,0.00042,0.02316,0.08257,1.993,0.009,,,,12394099113984,573728030720,,0.0,,yfinance,0.2.65,1
2026-09-22,MBAP,PT Mitrabara Adiperdana Tbk,Energy,Thermal Coal,IDR,EQUITY,1725.0,2117044142080,1227271952,32.3761,,11348.685,53.28,0.15,0.02135,0.01924,0.02254,0.12539,2.68,0.39,21.327,5.055,-8818104,113435208,39994276,2.9,0.0,10.51,yfinance,0.2.65,1
2026-09-22,MBMA,PT Merdeka Battery Materials Tbk.,Basic Materials,Other Industrial Metals & Mining,IDR,EQUITY,510.0,55077666553856,107995419900,49.5627,32.5879,34000.0,10.29,0.01,0.07353,0.03929,0.04133,0.25139,,0.243,45.514,1.597,-18074428,349798048,1110869376,,0.0,,yfinance,0.2.65,1
2026-09-22,MBSS,PT Mitrabahtera Segara Sejati Tbk,Industrials,Marine Shipping,IDR,EQUITY,2900.0,5075077431296,1750026639,13.6799,,1.2356,211.99,2346.95,0.09428,0.01219,0.48224,0.1771,3.029,-0.049,13.007,8.684,-325406752768,2143663685632,536697667584,,0.0,,yfinance,0.2.65,1
2026-09-22,MCOL,PT Prima Andalan Mandiri Tbk,Energy,Thermal Coal,IDR,EQUITY,3650.0,12977794187264,3555560000,9.0911,,23397.436,401.49,0.16,0.14837,0.09494,0.10898,0.12878,0.216,0.306,9.955,2.589,143418672,159311632,58118460,7.61,0.7087,,yfinance,0.2.65,1
2026-09-22,MCOR,PT Bank China Construction Bank Indonesia Tbk,Financial Services,Banks - Regional,IDR,EQUITY,67.0,2540622053376,37919730514,8.3855,,0.3492,7.99,191.87,0.04242,0.00834,0.31804,0.40326,0.019,0.099,,,,2021228937216,3823679045632,,0.0,,yfinance,0.2.65,1
2026-09-22,MDIY,PT Daya Intiguna Yasa Tbk,Consumer Cyclical,Department Stores,IDR,EQUITY,940.0,23678968397824,25190392000,19.8396,15.233,5.4893,47.38,171.24,0.30323,0.14385,0.13505,0.16977,0.012,0.184,51.906,1.295,1817390219264,911479996416,2291643973632,3.65,0.372,,yfinance,0.2.65,1
2026-09-22,MEDC,PT Medco Energi Internasional Tbk,Energy,Oil & Gas E&P,IDR,EQUITY,1495.0,36897531363328,24680621344,13.7902,4.3429,16797.752,108.41,0.09,0.06968,0.04979,0.06153,0.2503,2.878,0.192,155.798,1.118,287040288,533900448,3748962304,4.37,0.5325,2.42,yfinance,0.2.65,1
2026-09-22,MEGA,PT Bank Mega Tbk,Financial Services,Banks - Regional,IDR,EQUITY,1925.0,45202551078912,23481846730,13.7943,,2.021,139.55,952.49,0.14693,0.02389,0.45262,0.4868,-0.245,-0.066,,,,5806747025408,28661457616896,4.39,0.6163,4.54,yfinance,0.2.65,1
2026-09-22,MERK,PT Merck Tbk,Healthcare,Drug Manufacturers - Specialty & Generic,IDR,EQUITY,3840.0,1720320000000,448000000,5.1686,,1.784,742.95,2152.43,0.3714,0.24114,0.24665,0.1778,4.002,0.31,1.811,4.995,193425260544,328000012288,17460400128,7.05,0.3701,6.2,yfinance,0.2.65,1
2026-09-22,MGLV,PT NexAI Digital Infrastruktur Tbk,Consumer Cyclical,"Furnishings, Fixtures & Appliances",IDR,EQUITY,16225.0,30906733559808,1904883411,,,272.8909,-16.53,59.46,-0.2513,-0.1064,-0.63696,-0.52773,,-0.746,21.886,2.497,-5169294848,1291685120,25001328640,,0.0,,yfinance,0.2.65,1
2026-09-22,MGRO,PT Mahkota Group Tbk,Consumer Defensive,Packaged Foods,IDR,EQUITY,680.0,2372095442944,3488375600,,,7.6025,-10.48,89.44,-0.09038,0.01041,-0.0055,0.00831,,0.094,584.615,0.607,616627044352,143291138048,2215179190272,,0.0,,yfinance,0.2.65,1
2026-09-22,MIDI,PT Midi Utama Indonesia Tbk,Consumer Defensive,Grocery Stores,IDR,EQUITY,262.0,8760047697920,33435294800,9.8682,11.7278,1.8913,26.55,138.53,0.19772,0.07678,0.04126,0.05229,0.101,0.108,13.445,0.993,848830136320,533368995840,622707015680,4.45,0.4463,1.38,yfinance,0.2.65,1
2026-09-22,MIKA,PT Mitra Keluarga Karyasehat Tbk,Healthcare,Medical Care Facilities,IDR,EQUITY,1740.0,24197573115904,13906650800,17.153,18.3932,3.3079,101.44,526.01,0.18961,0.11618,0.25281,0.32034,0.092,0.094,0.112,2.785,410588774400,3018780835840,9294010368,2.47,0.4241,1.51,yfinance,0.2.65,1
2026-09-22,MINA,PT Sanurhasta Mitra Tbk,Consumer Cyclical,Lodging,IDR,EQUITY,236.0,2323124846592,9843750000,,,9.2731,-0.12,25.45,-0.00464,-0.01692,-0.08429,-0.39404,,-0.095,0.05,135.299,-8211831296,153299173376,125984072,,0.0,,yfinance,0.2.65,1
2026-09-22,MINE,PT SINAR TERANG MANDIRI Tbk,Basic Materials,Other Industrial Metals & Mining,IDR,EQUITY,298.0,1217161723904,4084435300,6.9887,,1.2482,42.64,238.74,0.20272,0.0857,0.07609,0.08751,-0.298,-0.057,60.936,1.607,671739019264,376476991488,594194006016,4.88,0.3458,,yfinance,0.2.65,1
2026-09-22,MITI,PT Mitra Investindo Tbk,Industrials,Marine Shipping,IDR,EQUITY,274.0,1027644325888,3750526603,88.3871,,2.1912,3.1,125.04,0.02829,0.01965,0.05427,0.07507,-0.414,-0.055,4.417,6.93,-3157778176,239195406336,22850226176,,0.0,,yfinance,0.2.65,1
2026-09-22,MKAP,PT Multikarya Asia Pasifik Raya Tbk,Energy,Oil & Gas Equipment & Services,IDR,EQUITY,1105.0,3591249854464,3250000000,123.8789,,10.5656,8.92,104.58,0.13265,0.06741,0.1097,0.17954,-0.053,0.254,36.371,2.453,15699274752,46292615168,123626913792,0.45,0.5587,,yfinance,0.2.65,1
2026-09-22,MKPI,PT Metropolitan Kentjana Tbk,Real Estate,Real Estate Services,IDR,EQUITY,21500.0,20386171322368,948194000,17.4726,,2.7342,1230.5,7863.5,0.16963,0.08422,0.4526,0.4359,0.304,0.149,0.02,1.664,1234966282240,3462945570816,1522829312,4.41,0.5919,1.71,yfinance,0.2.65,1
2026-09-22,MKTR,PT Menthobi Karyatama Raya Tbk,Consumer Defensive,Farm Products,IDR,EQUITY,124.0,1495493115904,12060428584,26.327,,2.2097,4.71,56.12,0.11406,0.05757,0.05121,0.12074,2.385,0.643,103.151,1.721,128226697216,196781277184,700194160640,1.48,0.3949,,yfinance,0.2.65,1
2026-09-22,MLBI,PT Multi Bintang Indonesia Tbk,Consumer Defensive,Beverages - Brewers,IDR,EQUITY,6825.0,14380275073024,2107000000,11.1731,11.517,13.0167,610.84,524.33,1.22215,0.29656,0.33946,0.3998,0.3,0.199,9.278,0.862,1905008050176,1290927996928,102548996096,8.22,0.9182,6.68,yfinance,0.2.65,1
2026-09-22,MLIA,PT Mulia Industrindo Tbk,Industrials,Building Products & Equipment,IDR,EQUITY,214.0,1415609974784,6615000000,,,0.2702,-29.07,792.0,-0.03636,-0.0176,-0.04744,-0.12182,,0.055,17.072,1.923,-196599873536,323977904128,894417305600,2.87,0.0,,yfinance,0.2.65,1
2026-09-22,MLPL,PT Multipolar Tbk,Consumer Cyclical,Department Stores,IDR,EQUITY,85.0,1327135719424,467942000,,,0.2725,-3.23,311.9,-0.00836,0.00256,-0.00421,-0.01531,,0.039,32.123,1.091,563700891648,1499949039616,1635371974656,,0.0,,yfinance,0.2.65,1
2026-09-22,MLPT,PT Multipolar Technology Tbk,Technology,Information Technology Services,IDR,EQUITY,1145.0,53671874265088,46875000000,141.1837,,72.3676,8.11,15.82,0.53878,0.06787,0.09409,0.08636,1.631,0.043,28.71,1.03,496413114368,542515003392,214118006784,0.45,0.6544,5.76,yfinance,0.2.65,1
2026-09-22,MMIX,PT Multi Medika Internasional Tbk,Healthcare,Pharmaceutical Retailers,IDR,EQUITY,875.0,4200372371456,4800425380,5.2518,,22.3574,166.61,39.14,0.02727,0.04426,0.02613,-0.01611,-0.825,-0.196,96.192,5.6,103698194432,4063396352,180719157248,,0.0,,yfinance,0.2.65,1
2026-09-22,MMLP,PT Mega Manunggal Property Tbk,Real Estate,Real Estate Services,IDR,EQUITY,320.0,2204523036672,6889134608,21.3191,,0.4659,15.01,686.85,0.02442,0.02845,0.24707,0.72096,1.378,0.133,32.74,1.619,172371574784,179229458432,1594900742144,3.75,0.0,,yfinance,0.2.65,1
2026-09-22,MNCN,PT. Media Nusantara Citra Tbk,Communication Services,Advertising Agencies,IDR,EQUITY,169.0,2235390230528,13227161510,1.8693,1.6101,0.1005,90.41,1680.81,0.0545,0.02742,0.16846,0.0864,-0.599,-0.077,5.219,8.553,-239524380672,1032806006784,1224139997184,,0.0,2.38,yfinance,0.2.65,1
2026-09-22,MORA,PT Mora Telematika Indonesia Tbk,Communication Services,Telecom Services,IDR,EQUITY,4830.0,230749349347328,47774192736,193.2773,,12.8188,24.99,376.79,0.05197,0.02968,0.11898,0.24663,1.769,0.955,94.139,1.325,-547558096896,2824206286848,17603756032000,,0.0,,yfinance,0.2.65,1
2026-09-22,MPMX,PT Mitra Pinasthika Mustika Tbk,Consumer Cyclical,Auto & Truck Dealerships,IDR,EQUITY,1015.0,4445520789504,4379823691,8.5988,7.1544,0.7999,118.04,1268.94,0.09101,0.05134,0.0327,0.0409,0.497,0.027,0.915,1.609,312379736064,2196236009472,50956001280,16.67,1.4407,,yfinance,0.2.65,1
2026-09-22,MPRO,PT Maha Properti Indonesia Tbk,Real Estate,Real Estate - Development,IDR,EQUITY,12000.0,119310005567488,9942500000,,,151.2707,-6.05,79.33,-0.04808,-0.01425,0.0,-1.26088,,0.301,30.741,0.014,7716965888,5008098816,359465254912,,0.0,,yfinance,0.2.65,1
2026-09-22,MSIN,PT MNC Digital Entertainment Tbk,Communication Services,Entertainment,IDR,EQUITY,258.0,15654454296576,60676178205,15.3754,,2.2877,16.78,112.78,0.14473,0.05051,0.2537,0.14849,-0.092,0.02,3.655,2.971,343338745856,795409973248,259041001472,,0.0,,yfinance,0.2.65,1
2026-09-22,MSJA,PT Multi Spunindo Jaya Tbk,Consumer Cyclical,Textile Manufacturing,IDR,EQUITY,810.0,4643101868032,5732224400,50.6567,,57857.14,15.99,0.01,0.06913,0.03595,0.07659,0.11647,-0.653,0.286,16.198,2.214,2201798,11304852,13461721,1.83,0.9333,,yfinance,0.2.65,1
2026-09-22,MSTI,PT Mastersystem Infotama Tbk,Technology,Information Technology Services,IDR,EQUITY,1350.0,4238212071424,3139416200,7.6005,7.0349,1.9537,177.62,691.01,0.26807,0.14062,0.10167,0.10565,0.213,0.144,4.606,3.423,559347204096,932279025664,99923501056,17.78,0.6867,,yfinance,0.2.65,1
2026-09-22,MTDL,PT Metrodata Electronics Tbk,Technology,Electronics & Computer Distribution,IDR,EQUITY,500.0,6138442022912,12276884585,7.2939,7.6923,1.3076,68.55,382.39,0.19574,0.07157,0.02861,0.04652,0.146,0.125,51.813,1.661,-1461722939392,1269397979136,3341595967488,5.4,0.3971,2.87,yfinance,0.2.65,1
2026-09-22,MTLA,PT Metropolitan Land Tbk,Real Estate,Real Estate Services,IDR,EQUITY,510.0,3904114524160,7655126330,10.4551,,0.6997,48.78,728.89,0.07332,0.03905,0.21512,0.29726,-0.199,-0.089,20.896,3.152,68108001280,617359015936,1272988041216,1.87,0.1989,2.31,yfinance,0.2.65,1
2026-09-22,MTMH,PT Murni Sadar Tbk,Healthcare,Medical Care Facilities,IDR,EQUITY,970.0,2006471147520,2068526950,41.613,,1.3097,23.31,740.6,0.03157,0.02967,0.03197,0.12046,0.357,0.234,58.083,0.497,-195331833856,2199043072,911740436480,0.25,0.104,,yfinance,0.2.65,1
2026-09-22,MYOH,PT Samindo Resources Tbk,Energy,Thermal Coal,IDR,EQUITY,1020.0,2250438606848,2206312500,8.8304,,12911.392,115.51,0.08,0.0805,0.05536,0.08454,0.17873,-0.145,0.115,8.409,5.595,19464632,96061632,14927782,6.33,0.5643,3.19,yfinance,0.2.65,1
2026-09-22,MYOR,PT Mayora Indah Tbk,Consumer Defensive,Packaged Foods,IDR,EQUITY,1495.0,32929893842944,22026684225,9.7445,9.3257,1.8127,153.42,824.72,0.19617,0.08839,0.08782,0.09286,0.594,0.075,24.671,3.319,5363198853120,5600378880000,4550814597120,3.97,0.3911,2.06,yfinance,0.2.65,1
2026-09-22,NATO,PT Olympus Strategic Indonesia Tbk,Consumer Cyclical,Lodging,IDR,EQUITY,1110.0,8881234247680,8001111504,,,4.2432,-10.97,261.6,-0.13017,-0.05693,-0.23296,-0.69255,,96.786,5.866,0.877,465834246144,529646616576,116955529216,,0.0,,yfinance,0.2.65,1
2026-09-22,NCKL,PT Trimegah Bangun Persada Tbk,Basic Materials,Other Industrial Metals & Mining,IDR,EQUITY,920.0,57948835414016,62987866700,5.3763,8.2312,1.3209,171.12,696.52,0.26019,0.07742,0.32675,0.24605,0.27,0.477,16.872,1.693,2565949358080,4885729771520,8915750223872,4.58,0.0,,yfinance,0.2.65,1
2026-09-22,NETV,PT MDTV Media Technologies Tbk,Communication Services,Broadcasting,IDR,EQUITY,50.0,2068025966592,41360517722,,,5.5605,-5.68,8.99,-0.51474,-0.10695,-2.82709,-1.11705,,0.417,115.654,1.116,-131785875456,10257818624,392576630784,,0.0,,yfinance,0.2.65,1
2026-09-22,NFCX,PT NFC Indonesia Tbk,Communication Services,Internet Content & Information,IDR,EQUITY,1670.0,1106228543488,662412300,,,4.2156,-18.19,396.14,-0.04503,0.00118,-0.00381,-0.02642,,-0.481,51.034,1.405,-211085950976,140162891776,359711375360,,0.0,,yfinance,0.2.65,1
2026-09-22,NICE,PT Adhi Kartiko Pratama Tbk,Basic Materials,Other Industrial Metals & Mining,IDR,EQUITY,362.0,2201691095040,6082020000,,,10.5438,-3.13,34.33,-0.0872,0.2322,-0.01454,0.22628,0.145,0.532,113.401,0.532,55331405824,62591905792,236800851968,,0.0,,yfinance,0.2.65,1
2026-09-22,NICK,PT Charnic Capital Tbk,Real Estate,Real Estate Services,IDR,EQUITY,2820.0,1836243091456,651150000,8.5468,,6.0673,329.95,464.78,0.10776,0.0245,0.81989,-0.16017,-0.886,-0.818,8.591,68.573,-59537211392,237368573952,26000287744,,,,yfinance,0.2.65,1
2026-09-22,NICL,PT PAM Mineral Tbk,Basic Materials,Other Industrial Metals & Mining,IDR,EQUITY,434.0,4615435714560,10634644907,42.6745,,5.5524,10.17,78.16,0.12186,0.09524,0.12138,0.0488,-0.984,-0.65,0.168,2.978,248308023296,245102641152,1398883712,8.04,2.0649,,yfinance,0.2.65,1
2026-09-22,NIRO,PT City Retail Developments Tbk,Real Estate,Real Estate Services,IDR,EQUITY,174.0,3862603759616,22198871804,,,2.3096,-8.75,75.34,-0.10085,0.01845,-0.12331,0.30514,,0.165,167.963,0.9,244890877952,1567605129216,7902798544896,,0.0,,yfinance,0.2.65,1
2026-09-22,NISP,PT Bank OCBC NISP Tbk,Financial Services,Banks - Regional,IDR,EQUITY,1255.0,28796346433536,22945296972,5.515,,0.649,227.56,1933.86,0.1222,0.0167,0.41163,0.50387,0.075,-0.011,,,,11554313469952,32358887587840,3.57,0.1978,,yfinance,0.2.65,1
2026-09-22,NOBU,PT Bank Nationalnobu Tbk,Financial Services,Banks - Regional,IDR,EQUITY,560.0,4187928657920,7478443899,7.1301,,0.9407,78.54,595.29,0.14066,0.01481,0.33697,0.46326,0.504,0.37,,,,3833502892032,8015310749696,,0.0,,yfinance,0.2.65,1
2026-09-22,NRCA,PT Nusa Raya Cipta Tbk,Industrials,Engineering & Construction,IDR,EQUITY,555.0,1385423306752,2496258344,7.2078,,1.0189,77.0,544.71,0.14822,0.06313,0.05315,0.08538,0.482,0.064,24.898,1.779,16752466944,583017037824,338548162560,7.14,0.5195,6.89,yfinance,0.2.65,1
2026-09-22,NSSS,PT Nusantara Sawit Sejahtera Tbk,Consumer Defensive,Farm Products,IDR,EQUITY,735.0,17494153625600,23801568645,26.2126,,7.6911,28.04,95.56,0.33808,0.14559,0.31551,0.51174,0.268,0.134,70.173,1.646,439631904768,797310976000,1596153004032,1.32,0.285,,yfinance,0.2.65,1
2026-09-22,OASA,PT Maharaksa Biru Energi Tbk,Industrials,Engineering & Construction,IDR,EQUITY,276.0,1751832723456,6347220000,,,3.3465,-10.35,82.47,-0.12368,-0.05928,0.0,-3.09342,,0.144,8.915,8.242,-346989658112,5125617664,46232522752,,0.0,,yfinance,0.2.65,1
2026-09-22,OMED,PT Jayamas Medica Industri Tbk,Healthcare,Medical Instruments & Supplies,IDR,EQUITY,210.0,5671705116672,27008119900,13.1168,,2.0045,16.01,104.76,0.16099,0.09172,0.18772,0.19905,0.494,0.215,9.166,8.293,113611931648,1418281615360,262643941376,1.92,0.4778,,yfinance,0.2.65,1
2026-09-22,OMRE,PT Indonesia Prima Property Tbk,Real Estate,Real Estate Services,IDR,EQUITY,960.0,2827402346496,2945211000,,,0.8818,-63.27,1088.71,-0.05471,-0.02907,0.0,-4.79134,,-0.296,6.469,0.116,-173442646016,18943066112,208591732736,,0.0,,yfinance,0.2.65,1
2026-09-22,PACK,PT Abadi Nusantara Hijau Investama Tbk,Consumer Cyclical,Packaging & Containers,IDR,EQUITY,560.0,19103674793984,34113705751,30.7861,,5.3504,18.19,104.67,0.08349,-0.00449,0.57126,-0.05798,,9.365,0.016,11.876,52771725312,805917229056,817362432,,0.0,,yfinance,0.2.65,1
2026-09-22,PALM,PT Provident Investasi Bersama Tbk,Financial Services,Asset Management,IDR,EQUITY,288.0,4531067813888,15732874458,8.1218,,0.9048,35.46,318.3,0.1174,0.06995,0.54638,1.00427,,,66.388,4.777,-542338678784,251255832576,3324526723072,1.09,0.0902,,yfinance,0.2.65,1
2026-09-22,PANI,PT Pantai Indah Kapuk Dua Tbk,Real Estate,Real Estate - Development,IDR,EQUITY,4980.0,90583720787968,18189502198,35.5106,43.4081,3.1095,140.24,1601.55,0.10487,0.0429,0.45239,0.72587,3.3,0.753,1.571,2.336,-3598835777536,4367851978752,530057134080,0.1,0.035,,yfinance,0.2.65,1
2026-09-22,PANS,PT Panin Sekuritas Tbk,Financial Services,Capital Markets,IDR,EQUITY,1635.0,1163186143232,711428800,6.7637,,0.8223,241.73,1988.39,0.12145,0.08344,0.3646,0.2166,-0.895,-0.367,2.781,3.136,,1164281380864,41185193984,15.15,1.6551,10.74,yfinance,0.2.65,1
2026-09-22,PBID,PT Panca Budi Idaman Tbk,Consumer Cyclical,Packaging & Containers,IDR,EQUITY,520.0,3900000174080,7500000000,6.3168,,1.3205,82.32,393.78,0.2176,0.14245,0.10716,0.19936,2.1,0.433,7.09,3.794,396691472384,201085878272,209911234560,10.1,0.6437,8.05,yfinance,0.2.65,1
2026-09-22,PBSA,PT Paramita Bangun Sarana Tbk,Industrials,Engineering & Construction,IDR,EQUITY,730.0,2178967011328,2984886300,8.7478,,2.8764,83.45,253.79,0.34204,0.12709,0.1378,0.14168,-0.638,0.219,0.009,1.764,66255630336,290302001152,71812560,8.28,0.0,12.23,yfinance,0.2.65,1
2026-09-22,PDPP,PT Primadaya Plastisindo Tbk,Consumer Cyclical,Packaging & Containers,IDR,EQUITY,340.0,1040856121344,3061341438,14.6425,,2.2001,23.22,154.54,0.16184,0.09424,0.10379,0.24821,3.127,0.621,36.285,1.482,44963799040,40663080960,171660476416,0.67,0.0972,,yfinance,0.2.65,1
2026-09-22,PGAS,PT Perusahaan Gas Negara (Persero) Tbk,Utilities,Utilities - Regulated Gas,IDR,EQUITY,1465.0,35513809502208,24241508195,8.2419,7.2022,12521.367,177.75,0.12,0.10092,0.05302,0.06189,0.13191,0.458,-0.038,29.053,2.006,228038624,1362325376,1083182976,8.37,1.121,3.13,yfinance,0.2.65,1
2026-09-22,PGEO,PT Pertamina Geothermal Energy Tbk,Utilities,Utilities - Renewable,IDR,EQUITY,1070.0,44853664677888,41919311656,17.2553,17.0954,22291.666,62.01,0.05,0.07514,0.04349,0.3205,0.44239,0.064,0.146,36.958,4.363,30366624,656633984,741265984,4.69,0.8137,,yfinance,0.2.65,1
2026-09-22,PGUN,PT Pradiksi Gunatama Tbk,Consumer Defensive,Farm Products,IDR,EQUITY,9325.0,53505440088064,5737848882,453.3301,,27.8268,20.57,335.11,0.06353,0.04271,0.16881,0.12552,-0.684,-0.339,15.641,1.837,162407153664,399112064,300740804608,0.07,0.3325,,yfinance,0.2.65,1
2026-09-22,PKPK,PT Paragon Karya Perkasa Tbk,Industrials,Engineering & Construction,IDR,EQUITY,4630.0,5555999997952,1200000000,57.9765,,17.0551,79.86,271.47,0.40434,0.11223,0.08895,0.23657,4.268,0.955,62.808,0.877,-156904095744,229570936832,257308852224,,0.0,,yfinance,0.2.65,1
2026-09-22,PMJS,PT Putra Mandiri Jembar Tbk,Consumer Cyclical,Auto & Truck Dealerships,IDR,EQUITY,142.0,1953295237120,13755600000,9.944,,0.698,14.28,203.43,0.07382,0.0275,0.01562,0.03805,1.91,0.874,3.733,1.239,1628501049344,1857129938944,126261444608,2.41,0.2451,,yfinance,0.2.65,1
2026-09-22,PNBN,PT Bank Pan Indonesia Tbk,Financial Services,Banks - Regional,IDR,EQUITY,860.0,20701809475584,24071873098,7.5758,7.426,0.3882,113.52,2215.47,0.05066,0.01262,0.27743,0.36409,0.025,0.036,,,,11182672969728,20226297036800,4.88,0.7398,,yfinance,0.2.65,1
2026-09-22,PNBS,PT Bank Panin Dubai Syariah Tbk,Financial Services,Banks - Regional,IDR,EQUITY,50.0,1940682178560,38813641319,25.9067,,0.6449,1.93,77.53,0.02528,0.00387,0.15119,0.21672,1.394,0.243,,,,975154053120,563922141184,,0.0,,yfinance,0.2.65,1
2026-09-22,PNGO,PT AEP Pinago Plantations Tbk,Consumer Defensive,Farm Products,IDR,EQUITY,3520.0,2749999874048,781250000,8.5106,,2.1764,413.6,1617.33,0.2802,0.16498,0.14934,0.28245,0.881,0.117,18.696,1.577,139937300480,23206649856,236970704896,6.25,0.5201,,yfinance,0.2.65,1
2026-09-22,PNIN,PT Paninvest Tbk,Financial Services,Insurance - Life,IDR,EQUITY,690.0,2807143333888,4068323920,2.6068,,0.1266,264.69,5451.01,0.05048,0.01435,0.10323,0.31827,,-0.115,,,,23383399989248,18459402436608,,0.0,,yfinance,0.2.65,1
2026-09-22,PNLF,PT Panin Financial Tbk,Financial Services,Banks - Regional,IDR,EQUITY,206.0,6596547051520,32022073293,3.116,,0.209,66.11,985.59,0.05233,0.01453,0.18153,0.2958,-0.966,-0.362,,,,22249346170880,19282402476032,,0.0,,yfinance,0.2.65,1
2026-09-22,POLI,PT Pollux Hotels Group Tbk,Real Estate,Real Estate - Development,IDR,EQUITY,895.0,1799421165568,2010526400,26.9822,,0.8404,33.17,1065.02,0.03135,0.0236,0.12804,0.34421,0.081,-0.201,64.125,1.854,-35288203264,21002332160,1386626023424,,0.0,,yfinance,0.2.65,1
2026-09-22,POLU,PT Golden Flower Tbk,Consumer Cyclical,Apparel Manufacturing,IDR,EQUITY,16200.0,12150000058368,750000000,,,99.4243,-20.25,162.94,-0.12219,-0.06574,-0.09376,0.03321,20.22,0.302,39.121,1.299,54754631680,106746413056,47807336448,,0.0,,yfinance,0.2.65,1
2026-09-22,PORT,PT Nusantara Pelabuhan Handal Tbk,Industrials,Marine Shipping,IDR,EQUITY,960.0,2701384220672,2813941985,17.3035,,2.1616,55.48,444.12,0.13653,0.08077,0.1239,0.28607,0.996,0.133,67.627,3.835,275917897728,534951919616,895913558016,,0.0,,yfinance,0.2.65,1
2026-09-22,POWR,PT Cikarang Listrindo Tbk,Utilities,Utilities - Independent Power Producers,IDR,EQUITY,940.0,14900409663488,15851499100,12.0205,11.5906,20888.889,78.2,0.04,0.09866,0.05799,0.12488,0.24263,-0.138,0.079,48.847,7.114,50021056,298196384,344632800,7.56,0.9609,9.78,yfinance,0.2.65,1
2026-09-22,PPRE,PT PP Presisi Tbk,Industrials,Engineering & Construction,IDR,EQUITY,102.0,1042875678720,10224271000,,,1.1244,-159.43,90.72,-0.54035,-0.09346,-0.36016,0.02473,,0.286,99.613,1.311,1326371569664,211258327040,2033915789312,,0.0,2.18,yfinance,0.2.65,1
2026-09-22,PRAY,PT Famon Awal Bros Sedaya Tbk,Healthcare,Medical Care Facilities,IDR,EQUITY,780.0,10888349220864,13959422300,58.7349,27.6596,3.308,13.28,235.79,0.05456,0.02991,0.06676,0.0883,-0.146,0.353,56.421,1.609,86956998656,567531995136,1987506995200,,0.0,,yfinance,0.2.65,1
2026-09-22,PRDA,PT Prodia Widyahusada Tbk,Healthcare,Diagnostics & Research,IDR,EQUITY,2820.0,2509166870528,889775500,11.8204,9.7603,1.0725,238.57,2629.32,0.0922,0.05934,0.09062,0.11325,-0.03,0.127,0.896,5.354,254614257664,688989011968,20977999872,5.77,0.6821,5.55,yfinance,0.2.65,1
2026-09-22,PSAB,PT J Resources Asia Pasifik Tbk,Basic Materials,Gold,IDR,EQUITY,525.0,13891500244992,26460000000,3.9927,,32812.5,131.49,0.02,0.48457,-0.00596,0.62924,-0.83055,,0.21,15.292,2.071,95745376,211674304,66597728,5.56,0.7909,,yfinance,0.2.65,1
2026-09-22,PSAT,PT Pancaran Samudera Transport Tbk,Industrials,Marine Shipping,IDR,EQUITY,855.0,1267411845120,1482353000,,,0.97,-24.03,881.43,-0.02901,-0.00602,-0.03689,0.07357,-0.569,-0.127,13.407,2.38,-181522563072,12044082176,175174729728,,0.0,,yfinance,0.2.65,1
2026-09-22,PSGO,PT Palma Serasih Tbk,Consumer Defensive,Farm Products,IDR,EQUITY,192.0,3619200172032,18850000000,9.0481,,1.2991,21.22,147.8,0.15118,0.0917,0.16181,0.17327,-0.243,-0.043,5.019,2.911,390711771136,559379316736,139852169216,3.13,0.2828,,yfinance,0.2.65,1
2026-09-22,PSSI,PT IMC Pelita Logistik Tbk,Industrials,Marine Shipping,IDR,EQUITY,356.0,1823143362560,5121189153,,,12275.862,-10.15,0.03,-0.02123,-0.0059,-0.06476,0.03865,,-0.17,7.174,6.167,-5836989,61874464,10745880,1.39,4.91,5.26,yfinance,0.2.65,1
2026-09-22,PTBA,PT Bukit Asam (Persero) Tbk,Energy,Thermal Coal,IDR,EQUITY,3030.0,35003643723776,11514357245,7.3769,7.4344,1.3876,412.1,2190.83,0.21109,0.06779,0.10733,0.14992,3.188,0.153,11.782,1.206,2637183844352,7302397034496,2985268871168,3.72,0.2779,8.27,yfinance,0.2.65,1
2026-09-22,PTPP,PT PP (Persero) Tbk,Industrials,Engineering & Construction,IDR,EQUITY,195.0,1206141583360,6153721976,,3.6178,0.355,-962.01,549.23,-0.8162,-0.09926,-0.3832,-0.0434,23.881,-0.024,500.628,1.144,-4804074536960,1170578866176,21896898805760,,0.0,2.51,yfinance,0.2.65,1
2026-09-22,PTPW,PT Pratama Widya Tbk,Industrials,Engineering & Construction,IDR,EQUITY,1140.0,1001133768704,878187500,15.134,,1.4521,75.33,785.06,0.08445,0.05389,0.18052,0.38264,1.064,0.012,4.155,6.296,923049536,86833184768,29333327872,0.5,,,yfinance,0.2.65,1
2026-09-22,PTRO,PT Petrosea Tbk,Basic Materials,Other Industrial Metals & Mining,IDR,EQUITY,5350.0,53960366882816,10086050000,103.5818,,205769.22,51.65,0.03,0.11533,0.02809,0.03535,0.05653,,,258.845,1.524,-334395008,93458000,831628992,0.3,0.0,,yfinance,0.2.65,1
2026-09-22,PTSN,PT Sat Nusapersada Tbk,Technology,Electronic Components,IDR,EQUITY,374.0,1987564666880,5314344000,9.397,,15583.333,39.8,0.02,0.12694,0.05839,0.05565,0.0524,1.603,1.081,21.293,1.148,-17689900,2888604,27644096,2.64,0.1096,,yfinance,0.2.65,1
2026-09-22,PWON,PT Pakuwon Jati Tbk,Real Estate,Real Estate - Diversified,IDR,EQUITY,268.0,12906773086208,48159602400,5.8236,5.4538,0.565,46.02,474.34,0.10025,0.05063,0.31166,0.43663,-0.261,-0.05,22.075,3.025,1270186508288,5220114890752,5937497636864,4.89,0.2825,0.98,yfinance,0.2.65,1
2026-09-22,PYFA,PT Pyridam Farma Tbk,Healthcare,Drug Manufacturers - Specialty & Generic,IDR,EQUITY,228.0,2561979187200,11236750967,,,3.7446,-29.54,60.89,-0.39272,-0.0088,-0.1152,-0.00171,,0.216,598.939,0.854,42869932032,130305523712,5386129637376,,0.0,,yfinance,0.2.65,1
2026-09-22,RAAM,PT Tripar Multivision Plus Tbk,Communication Services,Entertainment,IDR,EQUITY,169.0,1151501860864,6813620000,,,0.935,-18.53,180.76,-0.0983,-0.02544,-0.63961,0.20638,,0.289,19.788,0.944,-3882429440,10275127296,243733430272,,0.0,,yfinance,0.2.65,1
2026-09-22,RAJA,PT Rukun Raharja Tbk,Utilities,Utilities - Regulated Gas,IDR,EQUITY,700.0,14794789748736,21135412500,21.5517,437500.0,70000.0,32.48,0.01,0.19903,0.05605,0.143,0.23408,2.083,0.234,112.726,1.335,33312212,124360704,297107296,1.1,0.4066,2.49,yfinance,0.2.65,1
2026-09-22,RALS,PT Ramayana Lestari Sentosa Tbk,Consumer Cyclical,Department Stores,IDR,EQUITY,384.0,2355754434560,6134777300,9.6386,7.1468,0.6794,39.84,565.22,0.06925,0.02348,0.11026,-0.07616,-0.101,-0.083,12.133,4.403,277069987840,2080723959808,420726996992,12.95,1.2553,3.71,yfinance,0.2.65,1
2026-09-22,RATU,PT Raharja Energi Cepu Tbk,Energy,Oil & Gas E&P,IDR,EQUITY,4100.0,11131720564736,2715053800,28.1458,455555.56,195238.1,145.67,0.02,0.4316,0.10287,0.44505,0.54662,5.085,0.229,241.875,2.385,14102044,60077180,157261584,1.07,0.3073,,yfinance,0.2.65,1
2026-09-22,RELI,PT Reliance Sekuritas Indonesia Tbk,Financial Services,Capital Markets,IDR,EQUITY,580.0,1044000014336,1800000000,49.8025,,1.968,11.65,294.71,0.0364,0.02786,0.36452,-0.0129,-0.198,0.018,5.767,3.196,,136759197696,30598344704,,,,yfinance,0.2.65,1
2026-09-22,RISE,PT Jaya Sukses Makmur Sentosa Tbk,Real Estate,Real Estate - Development,IDR,EQUITY,770.0,12472921620480,16198599990,70.1914,,4.458,10.97,172.72,0.05347,0.02867,0.36673,0.42567,0.57,0.317,19.131,2.308,115662020608,437646917632,664047779840,,0.0,,yfinance,0.2.65,1
2026-09-22,RMKE,PT RMK Energy Tbk,Energy,Thermal Coal,IDR,EQUITY,408.0,8924999712768,21875000000,27.9835,6.566,4.6034,14.58,88.63,0.1714,0.09646,0.09863,0.18603,2.219,2.254,55.154,2.79,-106668482560,547270590464,1073050484736,1.5,0.4111,,yfinance,0.2.65,1
2026-09-22,ROCK,PT Rockfields Properti Indonesia Tbk.,Real Estate,Real Estate Services,IDR,EQUITY,1915.0,2748379561984,1435185100,90.8013,,3.287,21.09,582.6,0.03669,0.02911,0.21864,0.22517,-0.226,-0.068,0.208,2.61,35205423104,60602818560,1738696448,,0.0,,yfinance,0.2.65,1
2026-09-22,RONY,PT Aesler Grup Internasional Tbk,Industrials,Engineering & Construction,IDR,EQUITY,1410.0,1762500018176,1250000000,,,774.7253,-2.17,1.82,-0.72074,0.03945,-0.06593,-0.06285,,14.781,2039.742,10.809,-1278064384,47009366016,50269945856,,0.0,,yfinance,0.2.65,1
2026-09-22,ROTI,PT Nippon Indosari Corpindo Tbk,Consumer Defensive,Packaged Foods,IDR,EQUITY,585.0,3289031114752,5622275488,17.3026,8.1956,2.0617,33.81,283.74,0.10934,0.05235,0.05073,0.02012,-0.963,-0.011,62.37,0.859,268249382912,168660107264,994998353920,13.68,2.368,7.91,yfinance,0.2.65,1
2026-09-22,RSCH,PT Charlie Hospital Semarang Tbk,Healthcare,Medical Care Facilities,IDR,EQUITY,434.0,1150099914752,2650000000,,,9.545,,45.47,-0.12072,-0.02292,-0.12977,-0.15396,,0.1,51.346,0.476,76187435008,1867501824,61877067776,,,,yfinance,0.2.65,1
2026-09-22,SAME,PT Sarana Meditama Metropolitan Tbk,Healthcare,Medical Care Facilities,IDR,EQUITY,292.0,5012072693760,17164632545,231.746,,1.31,1.26,222.91,0.00705,0.01167,0.01103,0.04951,0.441,0.177,24.078,0.423,77012344832,128062029824,1011270025216,,0.0,,yfinance,0.2.65,1
2026-09-22,SAMF,"PT Saraswanti Anugerah Makmur, Tbk",Basic Materials,Agricultural Inputs,IDR,EQUITY,312.0,3198000037888,10250000000,11.6679,,1.733,26.74,180.04,0.17082,0.07332,0.06247,0.09664,0.431,0.475,79.325,1.465,-300808929280,151604035584,1509985353728,3.39,0.3925,4.24,yfinance,0.2.65,1
2026-09-22,SCMA,PT Surya Citra Media Tbk,Communication Services,Broadcasting,IDR,EQUITY,178.0,11303836975104,63504703280,11.4543,11.8746,1.7901,15.54,99.44,0.13564,0.07462,0.13875,0.16166,0.369,0.062,10.278,2.447,575412961280,1788211757056,760262885376,11.54,1.3505,3.26,yfinance,0.2.65,1
2026-09-22,SDRA,PT Bank Woori Saudara Indonesia 1906 Tbk,Financial Services,Banks - Regional,IDR,EQUITY,206.0,3026591154176,14692189889,,,0.2715,-37.42,758.64,-0.04413,-0.01024,-1.01281,0.23622,,0.004,,,,2265490915328,7493406162944,3.2,0.0,3.55,yfinance,0.2.65,1
2026-09-22,SFAN,PT Surya Fajar Capital Tbk,Financial Services,Asset Management,IDR,EQUITY,2000.0,2719868256256,1359934021,,,28.475,-14.07,70.24,-0.17058,-0.1035,-2.51619,10.56574,,,44.825,4.576,-15515072512,78916984832,55350505472,,0.0,,yfinance,0.2.65,1
2026-09-22,SGER,PT Sumber Global Energy Tbk,Energy,Thermal Coal,IDR,EQUITY,720.0,11222574432256,15586909438,49.9307,,4.5863,14.42,156.99,0.09139,0.04374,0.03201,0.06093,0.278,0.146,95.007,1.991,-967651688448,270021001216,2451896795136,10.76,0.0,,yfinance,0.2.65,1
2026-09-22,SGRO,PT Prime Agri Resources Tbk,Consumer Defensive,Farm Products,IDR,EQUITY,4570.0,8311102504960,1818622000,16.4477,28.3481,1.6214,277.85,2818.53,0.05635,0.04234,0.0428,0.25438,0.337,0.057,22.088,1.0,1053074980864,1523093995520,1132140953600,4.21,0.6942,1.74,yfinance,0.2.65,1
2026-09-22,SHIP,PT Sillo Maritime Perdana Tbk,Energy,Oil & Gas Equipment & Services,IDR,EQUITY,2640.0,7180245794816,2719790000,25.6087,,47142.855,103.09,0.06,0.07507,0.04628,0.07848,0.23214,-0.463,0.314,154.332,1.325,-130999232,51642828,363836896,1.29,0.3379,2.11,yfinance,0.2.65,1
2026-09-22,SIDO,PT Industri Jamu dan Farmasi Sido Muncul Tbk,Consumer Defensive,Packaged Foods,IDR,EQUITY,354.0,10420060422144,29435200000,10.8689,8.8301,3.4789,32.57,101.75,0.30397,0.21644,0.25887,0.274,-0.493,-0.205,0.053,7.523,956948217856,475644002304,1591000064,10.39,1.1353,5.84,yfinance,0.2.65,1
2026-09-22,SILO,PT Siloam International Hospitals Tbk,Healthcare,Medical Care Facilities,IDR,EQUITY,2060.0,26755194683392,12987957905,21.6455,17.3708,2.6024,95.17,791.59,0.13108,0.07973,0.09155,0.13333,0.426,0.136,23.241,0.722,618208362496,1226974035968,2450355126272,,0.0,,yfinance,0.2.65,1
2026-09-22,SIMP,PT Salim Ivomas Pratama Tbk,Consumer Defensive,Packaged Foods,IDR,EQUITY,600.0,9300786282496,15501310000,4.2866,12.3457,0.4448,139.97,1349.05,0.11795,0.0666,0.1027,0.17576,0.43,0.039,34.035,1.369,2307076390912,9014405496832,9256563638272,4.23,0.1857,2.78,yfinance,0.2.65,1
2026-09-22,SIPD,PT Sreeya Sewu Indonesia Tbk,Consumer Defensive,Farm Products,IDR,EQUITY,855.0,1572432248832,7310000,,,1.3289,-5.19,643.38,-0.00811,0.01384,-0.00168,-0.0613,,0.167,77.837,1.381,-274930630656,130247999488,920993005568,,0.0,,yfinance,0.2.65,1
2026-09-22,SKLT,PT Sekar Laut Tbk,Consumer Defensive,Packaged Foods,IDR,EQUITY,208.0,1297511350272,6238035700,11.5556,,1.6855,18.0,123.41,0.12927,0.0598,0.03919,0.05673,0.418,0.234,39.127,1.421,1644611584,110449000448,386287009792,3.88,0.4442,2.48,yfinance,0.2.65,1
2026-09-22,SKRN,PT Superkrane Mitra Utama Tbk,Industrials,Rental & Leasing Services,IDR,EQUITY,418.0,2975323914240,7117999826,16.3665,,4.8688,25.54,85.85,0.30595,0.07512,0.20497,0.29722,0.014,0.42,38.175,1.221,264974516224,92315721728,233285861376,14.01,0.7154,6.23,yfinance,0.2.65,1
2026-09-22,SMAR,PT Sinar Mas Agro Resources and Technology Tbk,Consumer Defensive,Farm Products,IDR,EQUITY,6150.0,17663988334592,2872193366,4.3034,,0.7323,1429.1,8397.63,0.18349,0.07383,0.04695,0.08187,1.191,0.04,74.165,1.591,1710622900224,1586140938240,17900240896000,4.35,0.1889,5.74,yfinance,0.2.65,1
2026-09-22,SMBR,PT Semen Baturaja (Persero) Tbk,Basic Materials,Building Materials,IDR,EQUITY,168.0,1668665835520,9932534336,15.2727,,0.4907,11.0,342.37,0.03457,0.02494,0.05215,0.03435,-0.861,-0.08,12.228,1.29,219412365312,58705678336,415819333632,2.04,0.3147,1.18,yfinance,0.2.65,1
2026-09-22,SMDM,PT Suryamas Dutamakmur Tbk,Real Estate,Real Estate - Development,IDR,EQUITY,540.0,2576954425344,4772138237,143.617,,1.1028,3.76,489.67,0.00541,0.00798,0.04556,-0.07683,,-0.167,0.942,4.462,-57987629056,157811507200,30763988992,,0.0,,yfinance,0.2.65,1
2026-09-22,SMDR,PT Samudera Indonesia Tbk,Industrials,Marine Shipping,IDR,EQUITY,400.0,6550239838208,16375600000,7.3341,,11764.705,54.54,0.03,0.10326,0.04156,0.06546,0.12701,0.624,0.2,67.026,2.31,42307324,496025920,528016928,2.97,0.2273,5.03,yfinance,0.2.65,1
2026-09-22,SMGR,PT Semen Indonesia (Persero) Tbk,Basic Materials,Building Materials,IDR,EQUITY,1575.0,10608482189312,6735544089,28.1451,4.8969,0.2436,55.96,6465.29,0.00731,0.01064,0.01017,0.03063,,0.177,16.849,1.054,3477956984832,3691912101888,8067182231552,1.82,0.5059,3.02,yfinance,0.2.65,1
2026-09-22,SMIL,PT Sarana Mitra Luas Tbk,Industrials,Rental & Leasing Services,IDR,EQUITY,434.0,3779996418048,8709668469,50.4065,,4.7458,8.61,91.45,0.09856,0.06488,0.16839,0.409,0.263,0.111,47.265,4.066,-157452206080,86145261568,376463491072,1.31,0.0,,yfinance,0.2.65,1
2026-09-22,SMMA,PT Sinar Mas Multiartha Tbk,Financial Services,Insurance - Diversified,IDR,EQUITY,19975.0,127194097516544,142474368,41.7363,,4.829,478.6,4136.45,0.11064,0.03212,0.09273,0.19648,0.986,-0.108,52.708,1.843,-7693208649728,88923934031872,15009990049792,,0.0,0.02,yfinance,0.2.65,1
2026-09-22,SMMT,PT Golden Eagle Energy Tbk,Energy,Thermal Coal,IDR,EQUITY,3000.0,10274999369728,3425000000,140.779,,272727.28,21.31,0.01,0.07222,0.02608,0.03993,0.08301,0.993,0.553,88.79,0.754,-7461797,2221150,32262392,,0.0,,yfinance,0.2.65,1
2026-09-22,SMRA,PT Summarecon Agung Tbk,Real Estate,Real Estate - Development,IDR,EQUITY,262.0,4325244928000,16508568358,7.2637,4.6127,0.3637,36.07,720.45,0.06781,0.03935,0.07057,0.2924,-0.462,-0.185,91.979,1.088,643357671424,4838797082624,15076181409792,1.87,0.1387,0.68,yfinance,0.2.65,1
2026-09-22,SMSM,PT Selamat Sempurna Tbk,Consumer Cyclical,Auto Parts,IDR,EQUITY,1685.0,9703368163328,5758675440,8.4644,9.2238,2.4206,199.07,696.11,0.28834,0.17853,0.21077,0.27942,0.139,0.089,3.58,4.391,963919151104,1357239025664,162075000832,9.41,0.7035,6.32,yfinance,0.2.65,1
2026-09-22,SOCI,PT Soechi Lines Tbk,Industrials,Marine Shipping,IDR,EQUITY,650.0,4588349947904,7059000000,12.0281,,10833.334,54.04,0.06,0.05029,0.03421,0.13278,0.24898,2.683,0.238,46.345,0.726,-88541104,9003096,197549280,0.31,0.037,,yfinance,0.2.65,1
2026-09-22,SOHO,PT Soho Global Health Tbk,Healthcare,Medical Distribution,IDR,EQUITY,1455.0,18466398535680,12691682390,28.0834,,7.5232,51.81,193.4,0.26471,0.09673,0.06224,0.08338,0.165,0.092,0.183,1.691,844414386176,720576970752,4504000000,4.62,1.357,,yfinance,0.2.65,1
2026-09-22,SONA,PT Sona Topas Tourism Industry Tbk,Consumer Cyclical,Travel Services,IDR,EQUITY,2310.0,1530143965184,662400000,14.6082,,2.1037,158.13,1098.06,0.1383,0.06642,0.10271,0.11227,0.546,0.059,13.782,4.392,127032524800,693798895616,100330430464,2.1,0.3644,,yfinance,0.2.65,1
2026-09-22,SPTO,PT Surya Pertiwi Tbk,Consumer Cyclical,"Furnishings, Fixtures & Appliances",IDR,EQUITY,605.0,1633500004352,2700000000,6.289,7.7964,0.9527,96.2,635.01,0.11844,0.06215,0.09109,0.11333,0.319,0.22,8.191,1.991,224900513792,213260337152,200799092736,11.57,0.7339,9.02,yfinance,0.2.65,1
2026-09-22,SQMI,PT Wilton Makmur Indonesia Tbk.,Basic Materials,Gold,IDR,EQUITY,107.0,1662522228736,15537591429,,,17.022,-0.4,6.29,-0.16667,-0.03764,0.0,-22.209919,,-0.382,207.93,0.021,14169141248,1868340224,187179941888,,0.0,,yfinance,0.2.65,1
2026-09-22,SRAJ,PT Sejahteraraya Anugrahjaya Tbk,Healthcare,Medical Care Facilities,IDR,EQUITY,13000.0,159106476277760,12238959990,,,146.0691,-31.2,89.0,-0.29495,-0.00304,-0.13991,-0.10694,,0.098,543.558,1.398,-824995020800,1530184990720,5930857005056,,0.0,,yfinance,0.2.65,1
2026-09-22,SRTG,PT Saratoga Investama Sedaya Tbk,Financial Services,Asset Management,IDR,EQUITY,1780.0,24118703423488,13549832900,7.4465,12.4258,0.4494,239.04,3960.79,0.0634,0.04569,0.75845,1.0049,,,2.138,1900.823,2261270134784,53214229561344,1148187967488,5.74,0.4216,2.4,yfinance,0.2.65,1
2026-09-22,SSIA,PT Surya Semesta Internusa Tbk,Industrials,Engineering & Construction,IDR,EQUITY,1615.0,7598977843200,4705249440,37.0413,15.8209,1.3139,43.6,1229.14,0.05962,0.03368,0.03629,0.19834,,0.823,29.171,1.556,-877055508480,1140490502144,2474112450560,0.3,0.1147,1.89,yfinance,0.2.65,1
2026-09-22,SSMS,PT Sawit Sumbermas Sarana Tbk.,Consumer Defensive,Packaged Foods,IDR,EQUITY,1040.0,9906000232448,9525000000,6.3349,18.9091,4.0783,164.17,255.01,0.496,0.14459,0.07897,0.18708,0.676,0.764,337.487,1.17,-869748965376,673551876096,9778843615232,7.57,0.5116,1.25,yfinance,0.2.65,1
2026-09-22,STAA,PT Sumber Tani Agung Resources Tbk,Consumer Defensive,Farm Products,IDR,EQUITY,1195.0,13027206234112,10901428700,8.1832,6.972,2.0295,146.03,588.82,0.29994,0.16562,0.1405,0.17635,0.318,0.863,24.32,2.223,774775898112,1379177988096,1664380960768,6.28,0.3767,,yfinance,0.2.65,1
2026-09-22,STAR,PT Calculus Global Ventures Tbk,Financial Services,Asset Management,IDR,EQUITY,450.0,2160000237568,4800000602,82.8729,,3.9784,5.43,113.11,0.04898,-0.0013,3.16468,-0.29607,0.735,0.37,0.144,585.772,34442616832,544594231296,787510592,,0.0,,yfinance,0.2.65,1
2026-09-22,SUNI,PT Sunindo Pratama Tbk,Energy,Oil & Gas Equipment & Services,IDR,EQUITY,665.0,1600255950848,2406400000,9.9283,,1.8145,66.98,366.5,0.19436,0.11189,0.18572,0.29867,0.676,0.359,18.822,3.224,-100183408640,159644598272,168641806336,1.53,0.1552,,yfinance,0.2.65,1
2026-09-22,SUPA,PT Super Bank Indonesia Tbk,Financial Services,Banks - Regional,IDR,EQUITY,488.0,16541744627712,33897017650,63.0491,23.4615,2.0038,7.74,243.54,0.03854,0.0125,0.16562,0.3208,3.485,0.344,,,,1110104997888,2091295965184,,0.0,,yfinance,0.2.65,1
2026-09-22,TAPG,PT Triputra Agro Persada Tbk,Consumer Defensive,Farm Products,IDR,EQUITY,2050.0,40697705005056,19852540000,10.2352,9.3275,3.557,200.29,576.33,0.35969,0.17543,0.34453,0.37357,0.463,0.165,9.035,2.358,2418613420032,2203861123072,1078229991424,9.26,0.8824,8.64,yfinance,0.2.65,1
2026-09-22,TBIG,PT Tower Bersama Infrastructure Tbk,Communication Services,Telecom Services,IDR,EQUITY,1435.0,32360131198976,22550614345,22.3625,19.1053,2.5068,64.17,572.45,0.1245,0.05814,0.20813,0.6201,0.089,0.014,220.835,0.161,593774510080,706467987456,29923179757568,3.21,0.7316,2.46,yfinance,0.2.65,1
2026-09-22,TBLA,PT Tunas Baru Lampung Tbk,Consumer Defensive,Packaged Foods,IDR,EQUITY,620.0,3722573774848,6004151372,4.2183,5.1839,0.385,146.98,1610.39,0.09525,0.05644,0.03679,0.11238,-0.106,0.132,197.4,1.227,-2696666152960,529193992192,19114829545472,9.6,0.4082,6.96,yfinance,0.2.65,1
2026-09-22,TCID,PT. Mandom Indonesia Tbk,Consumer Defensive,Household & Personal Products,IDR,EQUITY,2550.0,1025440022528,402133334,,,0.5668,-32.0,4499.19,-0.00715,-0.0141,-0.00631,-0.03787,,-0.093,0.35,5.441,37347676160,687872016384,6329089536,1.48,0.0,3.59,yfinance,0.2.65,1
2026-09-22,TCPI,PT Transcoal Pacific Tbk,Industrials,Marine Shipping,IDR,EQUITY,1400.0,6999999774720,5000000000,51.7369,,3.2573,27.06,429.8,0.06652,0.04405,0.06854,0.15185,0.111,0.115,59.254,0.953,-161146880000,,1364490977280,0.42,0.2407,,yfinance,0.2.65,1
2026-09-22,TFCO,PT Tifico Fiber Indonesia Tbk,Consumer Cyclical,Textile Manufacturing,IDR,EQUITY,850.0,4099614965760,4823076400,,,13076.924,-5.36,0.07,-0.00511,-0.0031,-0.00836,0.09996,2.466,0.071,0.279,6.201,593010624,48599616,878700,,0.0,,yfinance,0.2.65,1
2026-09-22,TGKA,PT Tigaraksa Satria Tbk,Consumer Defensive,Food Distribution,IDR,EQUITY,4900.0,4500614545408,918492750,10.4719,,1.8455,467.92,2655.13,0.18258,0.05011,0.03037,0.02319,0.1,0.179,7.813,1.878,495774236672,773310971904,184114003968,6.21,0.6833,5.19,yfinance,0.2.65,1
2026-09-22,TIFA,PT KDB Tifa Finance Tbk,Financial Services,Credit Services,IDR,EQUITY,316.0,1122499297280,3552213000,16.0,,0.918,19.75,344.22,0.05804,0.03727,0.4511,0.60509,0.69,0.407,55.993,3.763,,79760982016,687312273408,1.28,0.204,4.31,yfinance,0.2.65,1
2026-09-22,TINS,PT TIMAH Tbk,Basic Materials,Other Industrial Metals & Mining,IDR,EQUITY,4650.0,34632051458048,7447753453,9.3037,24.8863,3.2835,499.8,1416.16,0.41794,0.21317,0.21001,0.31994,5.75,1.335,11.568,2.617,3079976779776,4492765954048,1220120936448,1.8,0.1764,2.37,yfinance,0.2.65,1
2026-09-22,TKIM,PT Pabrik Kertas Tjiwi Kimia Tbk,Basic Materials,Paper & Paper Products,IDR,EQUITY,7375.0,22960024846336,3113223570,2.9371,,7153.249,2511.0,1.03,0.14711,0.01003,0.43007,0.07097,,0.136,23.331,1.353,-201346880,245151008,748507008,0.4,0.0118,0.36,yfinance,0.2.65,1
2026-09-22,TLDN,PT Teladan Prima Agro Tbk,Consumer Defensive,Farm Products,IDR,EQUITY,605.0,7832650907648,12946530200,7.1921,,2.1217,84.12,285.14,0.31118,0.13178,0.19495,0.35245,0.057,0.061,21.329,1.243,1471762006016,258018164736,787401015296,13.96,0.6437,,yfinance,0.2.65,1
2026-09-22,TLKM,Perusahaan Perseroan (Persero) PT Telekomunikasi Indonesia Tbk,Communication Services,Telecom Services,IDR,EQUITY,2480.0,244480728891392,98580940799,13.9185,9.4979,1.8231,178.18,1360.33,0.17683,0.07579,0.12007,0.28538,0.28,0.064,59.982,0.791,57332373389312,56483001663488,80884996767744,8.93,1.2516,5.36,yfinance,0.2.65,1
2026-09-22,TMAS,PT Temas Tbk.,Industrials,Marine Shipping,IDR,EQUITY,142.0,8075377377280,56868856000,11.8333,,2.4928,12.0,56.96,0.22143,0.09862,0.13207,0.21673,0.894,0.491,57.949,1.168,-440343134208,381401006080,1941504000000,2.72,0.3333,5.51,yfinance,0.2.65,1
2026-09-22,TOBA,PT TBS Energi Utama Tbk,Energy,Thermal Coal,IDR,EQUITY,498.0,4108181569536,8249360331,,,22636.363,-140.1,0.02,-0.34333,-0.02852,-0.18083,-0.00758,,-0.139,214.117,1.246,32926324,85095192,404511328,3.68,0.0,,yfinance,0.2.65,1
2026-09-22,TOTL,PT Total Bangun Persada Tbk,Industrials,Engineering & Construction,IDR,EQUITY,1600.0,5455999926272,3410000000,10.7066,21.972,4.4471,149.44,359.78,0.43746,0.06078,0.11894,0.11184,0.678,0.474,0.397,1.123,231275102208,1301222653952,4864296960,6.88,0.7361,10.85,yfinance,0.2.65,1
2026-09-22,TOTO,PT Surya Toto Indonesia Tbk,Industrials,Building Products & Equipment,IDR,EQUITY,240.0,2476799950848,10320000000,9.1813,18.8976,0.982,26.14,244.41,0.10738,0.0549,0.12387,0.0865,-0.488,-0.131,8.306,4.905,5377357312,213485846528,209510760448,10.74,0.8802,7.46,yfinance,0.2.65,1
2026-09-22,TOWR,PT Sarana Menara Nusantara Tbk.,Real Estate,Real Estate Services,IDR,EQUITY,404.0,23517479305216,58211582377,5.9394,5.663,0.8179,68.02,493.95,0.1614,0.06179,0.27462,0.54037,-0.073,0.146,156.508,0.204,492055265280,949840969728,45524849786880,3.33,0.2024,2.86,yfinance,0.2.65,1
2026-09-22,TPIA,PT Chandra Asri Pacific Tbk,Basic Materials,Specialty Chemicals,IDR,EQUITY,1830.0,158230034513920,86464496192,128.0616,112.8237,39782.61,14.29,0.05,0.03923,0.00885,0.0119,0.07126,-0.893,0.285,119.069,2.298,-648706624,3432528896,5910937088,0.32,0.7138,0.26,yfinance,0.2.65,1
2026-09-22,TPMA,PT Trans Power Marine Tbk,Industrials,Marine Shipping,IDR,EQUITY,464.0,1622366879744,3496480134,7.8938,,12888.89,58.78,0.04,0.08784,0.04599,0.09423,0.14521,-0.357,0.315,84.203,0.958,-28397184,10678793,120788816,8.97,0.7108,9.09,yfinance,0.2.65,1
2026-09-22,TRGU,PT Cerestar Indonesia Tbk,Consumer Defensive,Packaged Foods,IDR,EQUITY,168.0,1334829383680,7945412700,124.4444,,1.36,1.35,123.53,0.04372,0.03262,0.01066,0.06158,0.735,0.116,193.171,0.991,-186333315072,591341248,1895965523968,,0.0,,yfinance,0.2.65,1
2026-09-22,TRIM,PT Trimegah Sekuritas Indonesia Tbk,Financial Services,Capital Markets,IDR,EQUITY,830.0,5900719357952,7109300000,8.1919,,2.5223,101.32,329.07,0.36033,0.1095,0.40286,0.5127,2.372,0.668,144.178,2.361,,5572947607552,3413497610240,0.12,0.0099,3.05,yfinance,0.2.65,1
2026-09-22,TRIN,PT Perintis Triniti Properti Tbk,Real Estate,Real Estate - Development,IDR,EQUITY,352.0,1587033669632,4508618000,82.243,12.4823,2.6176,4.28,134.48,0.01572,-0.01074,0.44395,-0.03453,,-0.273,195.163,1.014,-89708494848,15061239808,1048303501312,,0.0,,yfinance,0.2.65,1
2026-09-22,TRST,PT Trias Sentosa Tbk,Consumer Cyclical,Packaging & Containers,IDR,EQUITY,464.0,1302912040960,2808000000,11.5194,,0.4635,40.28,1001.14,0.04134,0.03382,0.0266,0.09548,,0.4,71.319,1.141,-119043252224,24490999808,2134427959296,1.02,0.0,1.9,yfinance,0.2.65,1
2026-09-22,TSPC,PT Tempo Scan Pacific Tbk,Industrials,Conglomerates,IDR,EQUITY,2730.0,12311929552896,4509864300,8.3845,,1.2644,325.6,2159.21,0.15387,0.08237,0.10191,0.1352,0.446,0.112,11.887,2.909,1352501821440,5494130343936,1214533599232,5.45,0.4573,5.93,yfinance,0.2.65,1
2026-09-22,TUGU,PT Asuransi Tugu Pratama Indonesia Tbk,Financial Services,Insurance - Diversified,IDR,EQUITY,1590.0,5653364998144,3555575600,6.1395,,0.6157,258.98,2582.32,0.09097,0.01952,0.15992,-0.13231,,,8.369,35.071,-24621740982272,8229166252032,837399216128,6.12,0.3861,6.12,yfinance,0.2.65,1
2026-09-22,UANG,PT Pakuan Tbk,Real Estate,Real Estate - Development,IDR,EQUITY,3970.0,4803700195328,1210000000,67.9678,,14.789,58.41,268.44,0.1049,0.01795,0.22174,-1.1761,,-0.693,161.597,1.433,-307166609408,50986999808,838992003072,,0.0,,yfinance,0.2.65,1
2026-09-22,UCID,PT Uni-Charm Indonesia Tbk,Consumer Defensive,Household & Personal Products,IDR,EQUITY,496.0,2061659930624,4156572300,1.5168,,0.4336,327.0,1143.79,-0.19538,-0.03172,-0.12627,0.0221,,0.168,20.366,2.29,434350260224,2142235000832,968475017216,1.33,0.0204,2.23,yfinance,0.2.65,1
2026-09-22,ULTJ,PT Ultrajaya Milk Industry & Trading Company Tbk,Consumer Defensive,Beverages - Non-Alcoholic,IDR,EQUITY,2060.0,21420241321984,10398175200,11.9061,14.3255,2.7023,173.02,762.3,0.23414,0.15811,0.17667,0.24404,1.314,0.508,0.506,5.556,1335022059520,2435023896576,40611000320,6.16,0.7514,3.31,yfinance,0.2.65,1
2026-09-22,UNIC,PT Unggul Indah Cahaya Tbk,Basic Materials,Chemicals,IDR,EQUITY,14950.0,5730803908608,383331363,5.7408,,18411.33,2604.15,0.81,0.17955,0.12204,0.13473,0.24783,2.228,0.073,1.757,6.467,48375764,159186896,5648636,14.09,0.6414,4.22,yfinance,0.2.65,1
2026-09-22,UNTR,PT United Tractors Tbk,Basic Materials,Other Industrial Metals & Mining,IDR,EQUITY,24700.0,86279408582656,3493093536,11.6822,4.9702,0.919,2114.32,26877.39,0.07437,0.0516,0.06308,0.06849,-0.934,-0.132,27.593,1.237,6798736097280,18653672112128,28076396249088,8.87,0.7867,11.39,yfinance,0.2.65,1
2026-09-22,UNVR,PT Unilever Indonesia Tbk,Consumer Defensive,Household & Personal Products,IDR,EQUITY,1620.0,61529596624896,37981233300,16.5289,15.2485,20.3548,98.01,79.59,1.33368,0.1658,0.25578,0.12069,-0.093,0.116,18.102,0.571,1525940617216,1736726937600,547202990080,14.07,2.051,5.28,yfinance,0.2.65,1
2026-09-22,VICI,PT Victoria Care Indonesia Tbk,Consumer Defensive,Household & Personal Products,IDR,EQUITY,1060.0,7110479839232,6708000000,70.5726,,6.511,15.02,162.8,0.09359,0.06576,0.06834,0.06548,-0.559,0.085,6.802,4.559,63380148224,23439095808,75009744896,0.75,0.5312,1.54,yfinance,0.2.65,1
2026-09-22,VICO,PT Victoria Investama Tbk,Financial Services,Asset Management,IDR,EQUITY,171.0,2602119987200,15217075658,17.5385,,0.7028,9.75,243.3,0.03173,0.00507,0.16746,0.34061,-0.823,-0.595,,,,3051737055232,8029713989632,,0.0,,yfinance,0.2.65,1
2026-09-22,VISI,PT Satu Visi Putra Tbk,Industrials,Industrial Distribution,IDR,EQUITY,1270.0,3905250131968,3075000000,,,21.8498,-1.72,58.12,-0.03055,0.03338,-0.01446,0.06415,,-0.181,0.354,8.309,13722956800,1985708032,629862144,0.1,0.0,,yfinance,0.2.65,1
2026-09-22,VKTR,PT VKTR Teknologi Mobilitas Tbk,Consumer Cyclical,Recreational Vehicles,IDR,EQUITY,770.0,33687498391552,43750000000,,296.1539,32.3244,-0.31,23.82,0.00202,0.00821,-0.01133,-0.01613,,0.539,15.706,2.048,-54267248640,138675994624,197881004032,,0.0,,yfinance,0.2.65,1
2026-09-22,VOKS,PT Voksel Electric Tbk,Industrials,Electrical Equipment & Parts,IDR,EQUITY,282.0,1171880017920,4155602595,,,2.0881,-53.02,135.05,-0.10223,0.00342,-0.02967,0.00342,,0.021,200.132,1.032,-623666855936,416026492928,1123199614976,,,,yfinance,0.2.65,1
2026-09-22,WIFI,PT Solusi Sinergi Digital Tbk,Communication Services,Telecom Services,IDR,EQUITY,1810.0,9608474132480,5308549015,17.8009,7.3256,1.2873,101.68,1406.02,0.16085,0.06222,0.18838,0.5182,-0.296,1.793,115.824,2.116,-5999008153600,8285838639104,10442187472896,0.11,0.0,,yfinance,0.2.65,1
2026-09-22,WIIM,PT Wismilak Inti Makmur Tbk,Consumer Defensive,Tobacco,IDR,EQUITY,1490.0,3109486592000,2086903760,5.4058,4.494,1.3558,275.63,1098.99,0.27225,0.14259,0.14848,0.20978,1.055,0.187,8.348,2.484,102503063552,213406760960,191637094400,7.1,0.3787,6.12,yfinance,0.2.65,1
2026-09-22,WINS,PT Wintermar Offshore Marine Tbk,Industrials,Marine Shipping,IDR,EQUITY,580.0,2592473874432,4469782393,6.8187,6.161,15263.158,85.06,0.04,0.16349,0.07089,0.22974,0.38095,-0.317,0.251,30.026,3.768,-41004844,39467304,70164840,1.52,0.0852,,yfinance,0.2.65,1
2026-09-22,WOOD,PT Integra Indocabinet Tbk,Consumer Cyclical,"Furnishings, Fixtures & Appliances",IDR,EQUITY,194.0,1215207702528,6263956900,21.8468,1.5954,0.27,8.88,718.51,0.01064,0.02559,0.02116,0.13508,-0.03,0.077,61.871,1.734,-161419853824,145660739584,2857807642624,,0.0,,yfinance,0.2.65,1
2026-09-22,YULE,PT Yulie Sekuritas Indonesia Tbk,Financial Services,Capital Markets,IDR,EQUITY,3570.0,5666613755904,1587286800,80.6233,,9.0622,44.28,393.94,0.11725,0.11106,0.6985,1.10916,,,0.324,2.214,,36024844288,2026376448,0.28,0.2261,,yfinance,0.2.65,1
2026-09-22,YUPI,PT Yupi Indo Jelly Gum Tbk,Consumer Defensive,Confectioners,IDR,EQUITY,1255.0,10723332718592,8544488700,17.1941,,6.1626,72.99,203.65,0.25381,0.15129,0.20929,0.26192,-0.011,-0.042,44.369,3.192,441155616768,880531013632,772130865152,5.35,0.708,,yfinance,0.2.65,1
